MDS_nm_1,MDS_nm_2
-0.009922887610341762,-0.32864037448409517
0.7804058404153381,0.6942672664745327
0.3267984624695436,-0.3332969774151411
0.217289072727745,0.3350097681209319
0.42281067372785736,0.1886202738719775
0.02779279653126615,0.22995114177031517
0.6870784692189467,-0.4868331024990559
2.0226787096107506,-1.9271250625079612
0.2041573877746251,-0.2776352149093629
-0.08438242390526032,-0.511963022003693
0.1690052729341524,-0.48979584630401474
0.07852358023841007,-0.30576186184401677
-0.7961236022496355,-1.6401737224899684
-0.1222760157103258,0.040216326551385184
0.5029617322353476,0.031889847561274054
-0.05157914331512051,0.06777692601123488
-0.4277403223901192,0.14349308299771069
0.1227032092822218,0.16376536297494837
0.5217058933049821,-0.09699633039806502
0.17078809941189318,0.16191085247560058
0.20673065489122566,-0.47760351315470756
-0.6805468839786271,0.9064505495850822
0.20056210229361696,-0.09312464200252346
0.41738012266513747,0.1882947374427921
0.3572635898318928,0.2878093617714172
-0.23267893397035844,0.18948647419338943
0.2151445353369602,-0.13609615309262438
-0.2514166484875716,-0.04201085565487603
1.401511759314787,1.899420192003046
-3.3629899604062037,0.4640139267352406
-0.13102799535878246,-2.902638658549889
0.7002404248582782,0.038121158725210456
-0.07302123417572597,0.3563484677475183
0.10785686059786523,-0.01623468821501092
0.13447764046409647,-0.06072942809911512
-0.037045674698250056,-0.2837442801902959
-0.02679269043742679,-0.39251084273496695
-0.04428970180814963,-0.21883971492243623
-0.0405879244910252,0.0021302012608008444
0.35376124089725197,0.061802560346255406
0.17639953843473297,0.5049861737114859
-0.14337633153920043,0.08304420068162856
-0.1356442414624501,0.14179777751404807
-0.25058463569445916,-4.325133440888501e-05
-0.19640495323903362,-0.10621825174947108
-0.20459714896804349,0.030828154829627336
0.31939313870980135,-0.05611605462124563
0.2566260232246939,-0.10873561225996398
0.08198710448903329,-0.2248235134320813
0.18842880478349067,-0.26044947191836204
0.09239139961113729,0.08525623464530127
0.14352070882287546,-0.10081645693055152
-0.0958072742834636,0.023755535017928122
-0.04887860131164012,0.09677914635167499
0.39475860151893966,0.09849315060411394
-0.03957718285085725,-0.047127062235023415
0.16477826263379286,0.1392834287267137
0.5648572965693353,0.1885166152603893
-0.2872445716962714,-0.2726817628104175
0.35814917301592425,-0.07323205649530729
-0.22396054929973974,0.018521849728023485
-0.4756522696299114,0.2431496913577871
0.4604465504083584,-0.6096005628828092
-2.5043616030935274,-1.6755283077806613
-0.27078079254437804,-0.2297442885116389
-0.2893916740222073,-0.1486564016181879
-0.31216296381032343,-0.15551020764406925
-0.07746166760892091,0.1820924170815225
0.17886527940136343,-0.18151070792628926
0.09473570170199412,0.09406769297283928
0.06771120631239229,-0.1085634442517956
-0.08434638639083783,-0.08383342312775043
-0.033238796598233845,-0.21364730758364953
0.0990812247645857,-0.1168128365523524
0.07048061123962861,0.24552023181512217
0.6128292548374399,0.6493225177736428
0.158013500066759,0.1544990672031199
-0.007836339813665742,0.13957283712478483
0.07994747637840993,0.23619255419542118
0.0008401737355028018,0.12008477514267547
0.04700776305317404,0.10685981019889604
-0.21840525288388118,0.3933947386503389
0.9235036209650901,2.0324159368375434
-0.080618293684204,0.26997639155136466
0.14687493455494263,-0.2077569230715496
0.007627370828549351,-0.2463744283856495
0.21740146423250933,-0.451390651392608
0.08367319969640809,-0.24587656133489974
-0.3525881878604878,-0.016306257946414254
-1.0185326009058067,-1.7006259705113929
0.03932118180009876,-0.5439820685821487
0.7976512603702485,0.2801989622636031
0.11622312234135647,0.12669504779829072
0.46921772367479825,0.20069383727453904
-0.22652856865886825,0.15116252707596495
-0.060111266894205574,0.22709190035817226
0.31397877484259645,0.49755821501232406
1.985936936233985,1.6049544193743703
-0.00693202000176114,0.03393933802033276
-0.21615103710710812,0.07530150422876106
-0.1176396559784327,-0.016084651551773983
-0.6962704733157489,-0.22407273682136014
0.14705734389129577,0.006188088949658965
0.7255429153943055,2.1911122919610264
-0.1640224664869024,-0.3186911149239744
-0.01762967302229371,-0.2047120644761148
0.2445278635768015,-0.3937379226638154
-0.1427804499469247,-0.41951806826222043
-0.32165005688752896,0.10750858549278564
0.7701590388107334,-0.22318644563405088
0.3327274973079313,-0.48805173377984534
0.5840091046867122,-0.18921943583984627
0.1859776438350582,0.2878087584216716
-2.2457422515702024,0.506718017798549
0.15227938125290308,0.6227248412764231
0.08655111193072366,0.46203274029550717
0.6619166273182421,-0.24971006973667406
-0.09441473261056926,0.19401030469989433
-0.059914041842901694,0.1003056014649995
-0.12179459788889153,0.07233936335862502
-0.043253908226867456,-0.042123218448723895
-0.03725451487854307,-0.022692859059544473
0.053496523265508154,-0.19227085764587948
-0.1123051852215165,0.01877602634437068
-0.4373236167911785,-0.31740714335792425
-0.6846345563280278,0.23357872721008374
0.13065732305614383,-0.1716419668642842
0.17271204373997434,-0.1678487201727644
-0.5312642037997064,0.1330396251124371
-0.029440047056612843,0.019133830341102203
0.35751680083931975,-0.04712000767945143
-0.10174683904300336,0.17678969357417165
-0.27745215069046186,-0.20737809362037557
-0.34083631426880345,-0.17319911321172596
-0.09238367917266277,-0.1823355350644084
0.024856296427604025,0.07301656336884836
-0.05188614678909327,0.041019641135195115
0.6372281713035388,0.3839816157537929
-0.038866874903971865,0.5470025851158098
0.10695027425421878,0.37889894947810493
0.06763104030122144,0.5311659930861479
0.0410795889446194,0.34759121221968886
-0.25153474185439756,0.37560241854189
-0.021651972636386536,0.15914183484706845
0.17203766194607292,1.8200282189680712
0.008543212058396643,0.2283285070154061
-0.16858038468350592,0.19012257970950613
0.08361841099841366,0.1609816869642268
-0.13011006018090743,0.23299978186002104
-0.24092370590840234,0.25656379006398194
-0.47411689445735067,0.31188578984056364
-0.5154804614738503,0.19657859858233956
-0.594614948870829,0.08009910644235031
0.09766943066904378,0.19097144035408692
-0.002428062132275723,-0.15762308453408436
-0.15918542412598236,-0.04617340638765294
-0.17249079989424418,-0.07959224484361872
-0.11268906331267113,0.2479964479073441
-0.07989041164807935,0.09601093992337682
0.4907672172273399,-0.14117260662467604
-0.306100556175911,0.1915236507267316
0.2838817538995965,-0.20145789439005124
0.0033078213955112295,-0.1306463006415711
0.03155870394445517,-0.415788090627534
0.15744959537169936,-0.34459094841966953
-0.08620926202641728,-0.2720744945179278
0.09183341458503538,-0.1214925088617229
-0.17208977546404583,-0.7437479028581028
0.10204758154727976,-0.5261846527040687
0.129852242269047,-0.19530471062195467
-0.0376616447095863,-0.34543057326880866
0.5655705270745207,-0.27102859394208184
-0.19721176692411932,-0.14248425015866983
0.17744916519314613,-0.17116668682790262
0.1580992851591597,-0.14493894894151468
-0.11715864866221903,-0.1756032019201801
-0.02288153677238235,-0.5362726560644827
0.04763835413235293,0.10310893696321097
0.005786457003697065,-0.17858136015364987
-0.08088023517096726,-0.9670209703278609
0.04415582039687855,0.15401179988230096
-0.16440416875530564,-0.5419213020355383
0.5051153376534416,-0.26766744035543916
0.05718920710089646,-0.26071245520717684
0.40964299557896583,0.012041708433173341
0.4459751131882582,2.1571568165538575
-0.004971639124438545,-0.6784314045355517
0.5450157570800699,2.059877915039946
0.0020823882709224387,-0.02363107252925979
-0.3223752702544063,-0.18354559845131196
-0.08664225119713446,-0.5342141395388975
-0.054237416832829115,-0.45865198739819124
0.0868546739601037,-0.5074576595652897
0.002842694525645653,-0.2600418859864288
0.14374657547408787,0.11027850898983318
-0.04580429054911424,0.37922782436782354
0.09224704854481007,0.28778454534604014
0.07669654258933854,-0.2724134061689986
0.13138397519628353,-0.6444747483024413
0.10787518974094672,-0.44823188508477163
0.11664808208208138,-0.2625559494532999
-0.20417198273356582,-0.4524956137313992
0.1021337943785635,-0.2456238853996934
0.3993267781211791,-0.5491440709851668
0.10020444942911089,-0.5531977523009072
0.08381853811824615,-1.1073691952289144
-0.07677674025093559,0.022217923778539664
1.0450004560547002,-0.6081731109516647
0.11403962057290438,0.1952646105965565
-0.08141935514224848,0.5566012924154368
0.8965230636340696,0.4346410805596894
0.034437302887008074,0.22231626683314332
0.33559799945894947,0.010036388433247997
-0.018425234659527168,-0.05754314416382652
0.005944453975639822,0.2660472554625976
0.3134457377348212,0.23898679692074803
-0.1320907274034338,0.43544856833987733
0.16618051332810874,-0.18176104453451075
0.23931229763704887,0.07160750193416787
-0.15512690751572034,0.056433689368254
-0.3759574951043581,-1.831591307599444
-0.7354790040655189,-0.437131017853772
-0.5270675658131938,-0.6053700361674339
-0.48006177978044917,-0.9256117648342314
-0.5964702431817702,-0.3129792515775941
-0.40563384559838,-0.5377189341402462
0.04524373412307164,-0.08979607494998168
-0.1432877692774751,-0.27770713680111675
0.1143109862737069,-0.2157145028714514
0.30907772788018684,-0.7924159110859345
-0.04016960990267711,-0.30215171290130705
0.05740220965127897,-0.12640311372685276
0.7338713019477369,0.06773299230910827
0.10588430464252419,-0.024270276089222997
0.0899395901695328,-0.060379351025141484
0.456332136655676,0.41624257261642283
-0.0099737246061634,0.43269863048827834
0.13828406543370575,0.02492479818168261
0.06811784315103886,0.07831416721900268
0.02950560536272234,0.6699286486590823
0.3556694444273683,0.15639990464582845
0.5153019379722606,0.3123889524872937
0.3991794932749261,0.46460485677733593
-0.08369658537428722,0.24075718236847474
-0.07217697651602407,0.3956539243632444
0.024766834189333696,0.49002456286955554
0.05209146335747955,0.24269453106455147
0.14997290277581687,0.062031525249753715
0.10258766479046291,0.016917262364603117
-0.12208728417871928,0.20405603549660384
-0.1397992562138962,0.3116451780989981
-0.13752547088483233,0.27178760848116046
-0.1049770993235104,0.11731092123588793
-0.04475180481505118,0.2197721464914926
0.5851058859244398,0.45945390086932053
-0.23151804855066055,-0.07039805900820159
0.09576293244383609,0.04109723755457264
-0.07839234816714595,0.09527570035277229
-0.027335437494422455,-0.07551839423810065
0.13379295172744368,-0.11213076543703045
-0.10744160863483453,-0.1225550833752728
0.06591249189385327,-0.12604410832779714
-0.15806203758324144,-0.06226937577793913
-0.30288963734213853,-0.5489844406871527
-0.09770335763403826,0.03963815735222745
-0.045709346352819744,0.09882305152351113
0.0547978085347135,-0.1400145884784693
0.3426699826113505,-0.17021250756932038
0.06838625658389068,0.13246725282779215
0.011805167328352495,0.314053544878276
0.0069341597534717985,0.40161762357440395
-0.1533628808492703,0.6843421567809939
0.2548175504708636,0.27652862504721215
0.2726997189517919,0.36265556762300605
0.2472231523326162,-0.06712787797212923
-0.19004739426729628,-0.186642013509632
0.14639975121705667,-0.1350475904181063
0.4193405162978346,0.25791999446626046
-1.0991549412720665,0.4487725312529533
0.06085845117333874,0.13584366086790495
0.9465973381113106,0.3929746327490331
0.04464608624840607,0.3047461947964751
0.13725532066095722,0.2776754315312898
-0.07016824212263807,0.253117611803749
0.162012634804768,-0.42331899530639944
-0.09933651418686766,-0.42924512162404893
0.09252216696672089,0.14612610771758383
-0.550203321887679,0.03254937314254332
-0.1977154049224202,0.4342349611529443
-0.11638924922073,0.2524311550376621
-0.24572417466080107,0.5293767849305383
-0.10585297892371916,0.4123679079861217
0.08970588809040075,0.38235660633067253
0.12991117180335035,0.3472444495460266
0.021468473292476573,0.4527450731138184
-0.07347663064685904,-0.038076724471930556
-0.12388484410490576,0.00801440483971491
-0.5097841050051293,0.7609351235372617
0.070562876181848,-0.09977512090215541
-0.08632028126373498,0.28551046770161664
0.11814392246626464,-0.09578234801375439
0.046764141374434166,0.13645066139047485
0.022038119052607053,0.038638887309947446
0.15068462143689726,-0.2638909209263045
-0.32118573614061297,-0.094829198070336
-0.13435281377926767,-0.2875831643858576
0.07577642193645594,-0.3767331125972001
-0.2712257854690609,-0.398143434957171
-0.10054222931074536,-0.36083308946855525
0.01979443412143105,-0.19395186374417697
-0.2740531390039213,-0.7114947271005178
-0.11323398392867325,-0.9517802048128641
-0.012737947265897477,-0.19851539147728053
-0.2645800440201869,-0.3742039186889806
0.025405164315050542,-0.48773148456220233
-0.0030490930402614276,-0.36161232353495903
-0.18862016293399878,-0.2344387248816209
0.5218339153335783,0.647618319096171
0.10839735648353555,0.36897542522784105
-0.08513692346733953,0.35927715287513506
0.06986397907346699,0.4535111829404846
0.3987620295256551,0.46280719707339146
-0.07596222274144292,0.3086311529357681
-0.21783937553619445,0.19243848932466237
0.09990510860667454,-0.10704781348464378
0.2125704682483588,-0.0439703892920594
-0.10857038757869718,-0.34851201560186773
-0.4159975123389041,-0.09204771649193401
-0.11700252825293861,0.5382887335570513
0.3100876557311394,-0.00630697985486328
0.3830622371466845,0.1281840033067177
0.5747619799321748,0.7583617649720733
-0.2520757486783649,0.021556470043662818
-0.23500853306909159,1.149531732339931
0.21601281662392377,-0.4263080412853122
-0.1342705700447001,-0.04392870352068774
0.4450715033452659,0.042984092421274905
0.09250982308558822,-0.03214221704962978
1.3133933556212989,0.7012465815751737
-0.19973078602890743,0.014681603509441149
0.05651611416630313,-0.012478769951611367
0.16735445456865158,0.056499726706945905
0.056988534430669174,-0.052643793963273365
-0.1917305447950325,-0.10894279534796561
-0.4553549378671942,0.07411087026939349
1.9839949330740525,0.18988897496612958
-0.826819667171054,0.16399088836382494
-0.48587500833879105,-0.02242120033777564
-0.17679606324678593,0.28553242410272434
-0.5762422015680801,-0.15690176206282386
-0.39523720373062093,0.26477162763360823
-0.6216284051145355,-0.03319151417861425
-0.5243262435868766,0.03760849081275435
-0.08339461492422534,-0.14293223006543385
0.03617987914950091,-0.004213638636763957
0.2726498004862189,0.030099126913736785
0.0526914034144542,-0.33262464049059565
0.08008449995932009,0.30904659759299297
0.29965225559740727,-0.014264864168490385
0.0033090440610058017,0.2691410966231
0.21721623652679298,-0.015427005853077094
-0.18950590415427523,-0.020898329068619406
-0.10826789197932223,-0.2308778836578345
0.06270859359588635,-0.033456947369795174
-0.06570195581966562,-0.17296041321841535
0.8670262563588624,-1.0086506903210044
-0.002820531619909822,-0.5257432160026766
-0.00500703135460019,0.38551060188801284
0.18710355824291924,0.19351436931986762
-0.29649391843345924,0.2240623393814051
0.10276862752686818,0.2687265221859814
-0.052871018477115936,0.3908752808137941
0.08291363758150591,0.2616737301546123
-0.1683958402313731,-0.22384454568676088
-0.409199357934158,-0.1567975191609407
-0.18960235664483105,0.05447617999310767
0.02726083042013897,0.07149217600332505
-0.16745184189019732,0.313514068836855
-0.25710119850676405,0.1403317579382778
0.2067063014333004,0.3341828413062024
0.332277098672163,-0.3693366307908078
0.6214599725385115,-0.4162082362835814
-0.18563179004708527,-0.13970883319342442
0.3163317638505441,-0.10104231136317332
0.03734566595061321,-0.24144238406781493
0.048174833518939746,-0.24206877891595893
-0.24626293173134312,-0.14469449871687123
-0.2650645462593553,0.24120254395219354
1.019172172025157,0.21859557586838738
-0.10563327093056667,0.06216944531614136
-0.007253826384640683,-0.24227801358425813
0.53812329929508,0.8204201022457013
0.5112674561179753,0.09482047158000294
0.7518185240307549,2.2532890514499306
-0.2543738763428112,-0.09095138244234395
-0.20177364029869135,-0.5026950328827181
-0.37005039870997497,-0.3569378187232419
0.021902864803095664,-0.44523662938615405
0.06862795566841991,-0.6799023781155115
-0.01742785356153634,-0.38192875349798794
-5.9065377519665436e-05,-0.4210820165884314
0.38700077079868844,-0.764548285972141
0.35286945969381567,-0.9171497319551796
-0.26241029633797225,-0.8133987825388028
-0.3012683378028081,-0.7624847143755425
0.060569369577470396,-0.24408393491467995
-0.2687357833683499,0.6156708290481961
0.4368010585520126,0.44629540841512294
-0.3671259134199595,0.7084406080448988
-0.266000187082437,0.3440247444609574
-0.2438669838384288,0.36965926707627794
-0.7421146441780168,-0.4278563368463024
-0.09864851000979605,-0.4405067563862621
-0.04942939118390682,-0.5866142275800744
0.0824218327208571,-0.29710163329119926
0.01095284585088005,-0.26621153025076505
-0.003601633469848438,-0.23847956569496565
-0.10149330258408343,-0.13335787277167652
-0.08629449038535843,0.12298495090924165
0.021878848827265093,0.1647786651912546
0.16655013573689806,0.3694222258573123
-0.6895131809438165,0.7022635536436383
0.25907106987143214,0.3095261856707555
-0.2651340603028564,0.5278486524405176
0.03447518578067259,0.173844675615834
0.03881183343455784,0.09474773560455937
0.6393503436658324,-0.5841652215330438
0.4388133820793045,-1.4920700316090865
0.4043513805251255,-0.9999981961934583
1.4427319391855895,-0.8767959253878468
-0.03777100155790727,-0.3962569554530903
0.13473258560004162,-0.3820546256066086
-0.14253147679613803,-0.24430450631691136
-1.1020554316344915,-0.3717963042797195
-0.4749646847099044,-0.2850642025957256
0.8054956068679587,-0.05670724781622496
0.15580907656661347,-0.047736088814862195
-0.07113687309467963,-0.10538703477033037
-0.03618359267026959,-0.042275127538708636
0.2668669839021161,0.30089069599994966
-0.11796755321539586,-0.3190615786685304
0.8257553447686611,0.20798971686851914
0.09164728140442793,-0.29020176948698634
0.22335512291911036,-0.26253176074341317
0.7926656788288328,-0.6476222822347132
-0.6088531977600918,1.7786161188207716
0.013073589004165425,-0.07041775010502065
0.21143765065986417,-0.15753567427185577
-0.7352259405040888,-1.1798660012560847
-0.06079296241699929,-0.5687267927831295
-0.0644932541678681,0.12867141024081682
1.0767296783128868,1.97633016623437
-0.06317424301096276,-0.05306077539708951
-0.1401821484241375,-0.12245154168395689
-0.029461510969903966,0.1353102986642638
-0.042244089568351705,0.23065276552274905
0.3643515885101414,-0.17680109650372375
-0.8188287277313258,-0.08442675880766441
-0.5394405806797362,0.16100129908804664
-0.6452871157738426,0.46152843665140497
0.1768832224702323,-0.7519261479813181
-0.2110336755441198,-0.6605379916619598
0.20536978801192593,-0.25564594919562184
-0.14670672696369866,-0.23131681876746457
-0.03437297107452148,-0.607137086094667
0.04015442991523299,-0.6580972466110981
-1.1970870123142925,0.20219626628670462
-0.15939858041908092,0.2717457609831897
-0.06092605536540293,0.21046860907536952
0.028643545224722355,0.26727869363939966
0.14070177267530137,0.23742818439715543
-0.17061897837270923,0.38875032414319133
1.3802458557215573,1.9390438187569732
0.25595880223980166,-0.10561571463481743
0.1324645450178515,0.0879366775798141
-2.868137054687506,0.5988400184014294
-0.25883005202072323,-0.20475633646088595
-0.21601005485778318,0.03932061226095798
0.5773361111369499,-0.2943504104101302
-0.23875928230582458,-0.20358534975907272
-0.2747257854362373,-0.12355529254676065
-0.17475478213788664,0.15665868002797095
-0.25694803784347636,-0.17026477581120456
-0.292689826103258,-0.08042704413884923
-0.18693265093790914,-0.44296560978339955
-0.27399238935505893,-0.29290509870901626
-0.0906236074447512,-1.460595808408504
-0.17023102273683358,-0.6246376056018239
0.4121043938582164,0.17574013059477983
0.6024947415533031,-0.4870886812642555
-0.3793757052993187,-0.10101194920645204
0.2385994224250965,-0.016169683540979515
0.1356935765484976,-0.05600135111202128
0.42719374883375966,0.30874008924538016
0.28588477110469646,-0.027189331728398068
0.17205867356879812,0.24287755744203968
0.5593075858826085,-0.09455446281320065
0.26014453910421664,0.07051889956454155
0.052227374404022475,-0.058784264590080716
0.06065430163837875,-0.11447663148942504
0.6035090518449145,-0.023720418631989176
0.024778835254097284,0.48741771946385465
-0.06933091751377249,0.3961525880326374
-0.1367673122188612,0.3793807556947514
-0.2704853251525223,0.48862566643385635
0.12327361209555919,0.34944894528202275
-0.14708321377220146,0.34148392714157233
0.15555043186073808,-0.07853812219197742
0.15778956966077412,-0.21290109739228621
-0.35847381532163203,0.06877006615308161
0.0748628452902132,0.18903752277393174
0.08651989304620233,0.08649031785975166
-0.030362252678381697,-0.36614737992216295
0.08701691375141228,0.5377497808791234
-0.12929549043007255,-0.8875124647143756
-0.026575011761055284,0.49533520663224717
0.0278261045297356,-0.12534130373122102
0.46643913024088207,-0.8587255279839732
-0.32032211606102856,-0.06590297680182103
-0.16972056114302753,0.0883378289682759
0.24400596073058206,0.3688138854091384
0.23235063271486736,-0.0012658447986651057
-0.2705746750204831,-0.009057102652646781
-0.28084136643499974,-0.0109251232073425
-0.6047842248661387,-0.39586416232076
-0.2132865871823107,0.22927624615337272
-0.3217377174317767,0.23509201255694265
-0.2434857849943485,0.2742719329232368
-0.4141382439364607,0.20097506307120197
0.17740550364955174,-0.21637213820661502
0.9251447114579383,0.22391817186706547
0.10378736239815362,-0.06625885740178654
0.15041152600792995,0.42391528616113694
0.5933759490942236,0.08032676427464527
0.19799893073281732,0.16810377250594108
0.01853682388380801,-0.35147213901178
-0.04713673679240538,-0.6612902503964699
0.3889711089522874,-0.7887443417740952
0.020448427616556082,-0.14888236067350388
-0.28358931413401056,-0.38662368574709927
-0.030249155491404684,-0.46358223979242624
0.1967924964145052,0.2668949867020782
0.020580543596629492,-0.0761960135570034
-0.027768625288786125,0.20648313068474816
0.02537002980834795,0.22047284018435662
-0.05024819742556056,0.23035193900987183
-0.17957718848148493,-0.20874597067584538
-0.09182853121997075,-0.17969102594156833
-0.09869768601993886,-0.2029342425462549
0.33420505321330557,0.006155938168019646
0.277497011670657,0.4115742404366096
-0.18183202189252815,0.2610017514742218
-0.2758692810155349,-0.16590811262452437
-0.2348073907164256,-0.10774070039882107
0.29335003443980845,-0.12935286800768955
-0.13788241351733335,-0.5259262545468139
-0.05661170735773602,-0.13889598797529448
0.17602794613997177,-0.13181863476024402
0.30498571718718254,-0.12925584767322149
-0.09720496676760927,-0.001098976804299333
0.5368937311015827,-0.7081154401169757
0.3152944194035563,-0.4407230627908199
0.0360105188299302,-0.5348624848071493
0.22940401395235333,-0.23783452140327077
0.1949247601105094,-0.2338642259946013
-0.04007369382168997,-0.16129066642467257
0.14068583419661568,0.2965714440853026
-0.06954549686537306,0.2277966993763783
-0.05446043186714223,0.15675621292201256
0.3189556964164335,0.10119821032435554
-0.11879873437354785,0.15804402035578743
0.1164816568333019,-0.5618076038147198
-0.34924858912994927,0.1583690083109411
-0.19287406138751564,0.1251645895613503
0.2804395330471876,0.20312496369718525
0.07772142894702798,0.18164462680836313
-0.1219448799116732,0.138220291790871
0.23519835901578354,0.22329719781388033
0.2715260008572238,0.64111876737838
0.27860348991695005,0.3677895050502012
0.35220916143653824,0.4355356760298823
-0.016172204675298403,0.15478059839311215
-0.3320945293009761,-0.5291243384110137
0.18737420327423873,-0.2832069656142442
-0.009353577394711802,0.0059578753485878344
0.009393096137155483,0.04557304158779734
-0.24751576451301388,-0.09213915828538105
0.12147844643343352,-0.01844378915695159
0.20549575513148338,0.16501382528340472
-0.3790183621918662,-0.4669971154946601
0.04440282316659598,0.17671128662882676
0.09239279455629801,0.05060218266809764
0.47497729729016475,-0.1502994245624434
-0.3062253061322077,-0.46976596183304536
-0.13726709898810713,-0.10281577016618274
0.16662224642139856,-0.4070497497681543
-0.39130952991167456,-0.36816654333493204
0.27443293111076267,-0.4662618921085816
0.0768752378468079,-0.41865939074712377
-0.2000225634024455,-0.17836379400474575
0.2056707473384467,0.7858163193445822
-0.3170049267940002,0.2485705572156682
0.1104714397321929,-0.10067350063547668
-0.16521471730939336,0.03793678085117936
0.780597629836476,0.13296801247949075
0.12837101943631143,-0.1862901986837765
0.1431132415256411,0.30108728732291207
0.8641591109532573,1.4280266345054686
0.12941941226073875,0.34101581257461533
-0.13189373746192246,0.2890004772767627
0.11065110881748529,0.29516906821515737
-0.16450850129510453,0.6438402615057306
0.06030521248996567,0.29176308888439945
-0.2895630602767681,-0.17700711628021973
0.33935115463762155,0.1392932231568854
0.4219039064571079,-0.48067250417490937
-0.23481437122200655,-0.04174472707708972
-1.096822456712589,0.19169084869416106
-0.31610514611984114,-0.3701924547162633
0.700413285098029,-0.03910323150108775
-0.12668535066623324,-0.2121882854275391
-0.08587688955993036,-0.0067778413613893045
0.046869163919207625,0.26441329644049677
0.33533464103139654,0.02590177348740719
-0.007942121738468182,0.053123414550233845
0.11767019316727252,0.3430473471014074
0.07824515368487416,0.46540329822144333
-0.079001860497103,0.4786990652185117
-0.12737099500638455,0.41654164342689415
-0.2635971266319509,0.570654795828562
-0.09263317017376338,0.16486418953759152
-0.2235293771407861,0.6383819011932049
0.25861302087504195,-0.1683895941761767
-0.12789819060649665,0.1877475658550832
-0.030662961082763885,0.1405969730553862
0.17098297794625336,0.15598538537923162
-0.02726401789979476,0.10936838632670098
0.11959936391057106,0.19495363025516102
0.10164539822110909,0.13671230672740348
0.5243212828653439,-0.4592746828455544
0.021866895891571324,-0.16676637823974946
-0.0037308987267850443,0.012460358711515615
0.01361646881656839,-1.010501091898141
0.05249240579621368,-0.8191349004347074
0.008821957231474348,-0.7668818102253079
-0.04686434850861974,-1.064810382272635
-0.13519774997054285,-0.03979801053372574
-0.18664109366761805,-0.4148456376559532
0.021107032688350565,-0.12173191654242806
-0.06511539030466033,-0.14432926099895102
-0.2722459121661668,-0.44262804575352116
1.485677851511488,-2.161494733008266
-0.36419649641904406,-0.5466829354907985
-0.37918705044201095,-0.42450605354605814
0.09038947076301847,-0.39467913993843123
-0.18639036076788584,-0.01962991309134285
0.3039667714583996,-0.047140513156068126
0.24573004681211807,0.021326121529491652
-0.05648372187413255,0.06136825862161902
0.07661355944559893,-0.32861692365730927
-0.09243985201159693,0.5380040234727944
-0.05000911703311844,-0.2844027448868548
0.15999397935392765,0.19229908175139046
-0.2906870914106224,0.21780894659106076
-0.07003078049852585,-0.17595137795595092
0.45116704752464826,0.2577954007082289
0.6782805673349824,-0.7466333724155336
0.1273986652841004,-0.9040038760754605
0.446136662123928,-0.30156113097237736
0.28671342169884817,-0.6396717145070902
0.003962523019073916,-1.467526025265762
0.18756010420315614,-0.5103432133331536
0.05164156342048241,-0.33723544482308976
0.13693601599665337,-0.8891269401987213
-0.52809999431603,0.08726968676766102
-0.25049048186442013,0.04164034253670073
-0.2459746144860417,0.09542388307025036
0.013370513142897866,2.203904594063931
-0.07049350900979014,0.17065801277422232
0.1832484210671978,-0.11354720144717562
0.43543179496926254,0.23008084628299508
-0.14010603746398623,-0.23316826172034438
-0.8783638150244512,2.143662890667993
0.08039551298943481,-0.08452708712281407
-0.1961701531297195,0.16230880751542281
0.260937170241521,0.19785030639439385
-0.1879487076917574,0.324783163503701
-0.2557490779195155,-0.04632943721655686
0.2074226752152361,-0.26276105665622296
0.06697670105132449,-0.383977146006417
0.0424195159486088,-0.2112552506000578
0.2464967711026425,-0.015482347982231394
-0.1856659454178194,0.06352285598776053
-0.1057121505595493,0.47811977599433314
0.33766838021622186,0.07659494218055156
-0.31474509422919983,0.11821646374227177
-0.8656919088373717,0.021170472769080958
0.02743888703587242,-0.14128639717866828
-0.2431835847825557,0.03357505269625037
-0.24482988126708605,-0.02234396005281243
-0.10113381248176495,-0.07388164962433737
0.08157112260327462,-0.29115164082602807
0.2317308434388072,-0.3091159836513057
0.07354026071855263,0.08614731924688594
-0.2099795952660459,-0.07094597909705741
-0.3816310422623651,0.05017063154760921
0.9716368111725426,1.027089432470247
0.07176387160214773,0.08028577355088998
0.7176538364431654,-0.24651635833674948
-0.08369022396621871,-0.03749871260025785
0.1884728611612775,0.1597286960007357
0.2815481835421455,0.18581336646005614
0.19623055472351233,-0.3165093726990517
-0.20800935412862412,-0.05553348531408504
-0.25556964976622776,0.014594662544721393
0.04218468101115829,0.06097676446631921
0.011229399775609258,-0.48991661191313507
-2.5919554484586955,-1.5192097481128777
-0.6812026475772118,-0.3018271213929335
-0.4778114646611037,-0.13267361789284818
-0.3256563063725838,-0.23773688155623807
0.10317987671058092,0.139818109901396
-0.13050046741170468,-0.3156624502196276
0.2934418117087193,-0.21558804191990316
0.025692479539781564,0.09455912897522148
0.38222275882014967,-0.23309406541953726
0.1422316587533452,-0.1406123133902024
0.04326116432691972,-0.20513734796346816
0.011864579598657396,-0.12752264928409773
0.15938457852344662,0.2612040856521662
-0.18980242035640515,0.33508806412881254
-0.14639836355888902,0.21081651932607545
0.7811537389817008,2.034104285393547
0.1359792004779844,0.23151735596784948
0.8504832692242772,0.15282399227526014
-0.09507281863242877,0.09223772163515752
0.13409431740113245,0.19759619368719825
-0.19661320692374976,0.10195327943541756
0.1559610542415213,0.24031235162729725
0.04242130635998022,-0.17015992842069388
-0.02872482674085601,-0.20023638908282257
2.500020627501758,-0.029954168808355
-0.08432854190174949,-0.21187004292554024
-0.10591586691577971,-0.05540360612989154
-0.12462898189292303,-0.8297746820382057
0.17483269311458358,-0.5424346069503433
0.01086291015557662,0.21321337610979454
0.6186895085051316,0.06566071130176687
0.3853595734285063,0.13696778172380056
0.34268003439324274,0.10766261106334875
-0.2571002429865469,0.3164300653515549
0.31991788859705705,0.5936948334589662
0.14391337401596657,0.07731016671420632
-3.368100633004127,-0.08066051536297898
-0.2858659699532298,0.0766265034517152
0.06314491626040365,-0.07128842994986
0.27447318693865613,0.08730843297544512
0.18201596735959552,0.02942018140824817
-0.012715840762824168,0.06347922675559105
-0.19427657124231068,-0.009933296238800886
-0.16571949228582952,-0.15828489264972329
0.048578032382677154,0.012140275267426748
0.2663892421374842,0.34013412394361764
-0.3665624726405881,-0.37792270150318424
-0.08740240077450225,-0.18677729360480544
-0.20024166183420708,-0.18222743179475703
-0.03311810865240552,-0.4187785473085638
0.3159278438082074,0.06552176557620575
0.1461379273043011,-0.11127213576324789
0.4168560848998432,-0.4402282222540034
-0.4953756264638949,-0.24868323629613423
-0.33406769998777114,0.4261608952193256
-0.010711047142266481,0.07535128170137219
-0.13121095684437856,0.7079660867260851
0.1783591243147008,0.35603037049437425
-0.45101902212216993,-0.2551212909425192
-0.06884424173633884,0.4712844181220483
-0.09837571043215373,0.09942878570174257
-0.2682756259099229,0.1653178164777141
-0.17420506019778192,-0.3182713895126999
0.34972444828405425,0.31105944864407686
0.13549605830657938,-1.73436348348516
-0.1412521855962297,0.39717657115028254
-0.9368088467453913,0.7453971218582693
0.12289319258375106,-0.274814599271018
-0.385594470635472,-0.06544551363739569
0.058491056663248844,0.05619007467708049
0.4623053915085013,0.27351346509440727
0.21448067897103976,0.13701535769305576
-0.1907569911416975,0.23471047794773756
0.4586990095511428,0.2551738790053627
0.17857213343082837,0.34136492440390315
0.23171451566326176,0.22733174541447287
-0.11802622340515832,-0.3025412232935256
-1.978250011543483,-0.23099704078932204
-0.2574320384413734,0.1915958662844342
-1.702648638509867,0.12199240353281203
-0.2748231219023852,0.4570540936770315
-0.22708246869945162,0.24586245986625527
-0.3370245370541641,0.5628787527885776
0.12133574798886544,0.6098648390709539
0.10685065815168221,0.37064418579790676
0.1972732494360186,0.3599377739175229
0.12594136813953624,0.4535861976490298
-0.20088825106093094,-0.039857527518209424
0.03497011726599526,-0.003867941032389101
0.35762057999099445,1.3484705409392916
-0.22442567683314943,-0.06559480659843456
-0.052846618365152496,0.7962293586803518
1.0524862517459836,0.7750752981569099
-0.244857051594037,0.15203323334490676
-0.3252189719895016,0.19861366058677696
-0.15570735494989826,0.11512217906538051
0.1778215373407033,-0.1430280035970019
0.548353106196515,-0.11750327040163605
-0.2794173884142277,-0.3459571840001072
-0.059118344376288615,-0.07075112696730547
-0.05237815274505786,0.24193703749483847
0.1838126952481962,-0.09688957094309165
-0.16031784458229908,0.02038972612060764
-0.010547638164087696,0.1047986511129783
-0.5566606269372847,-0.8093683225272433
-0.1909288445503934,0.6838846687938095
0.4983594126253837,-0.03067577188356787
-0.05694175082770077,0.26072569397142586
0.24760844556789244,-0.4893705362623652
0.14117581950170185,-0.05359811399875161
0.11241771969375107,0.0396272666334272
-0.14252442152620318,-0.033495381570795756
-0.10866532954157257,-0.3555815599843284
0.22819010547895616,0.25343916966698077
-0.12432798994959184,0.00481971309894167
-0.36265088823296165,-0.00400262301001829
-0.3452119166554993,0.115607363076735
0.2730026939996534,-0.049131345707653096
-0.498074131813657,-0.15133045935280373
-0.7797409014258778,-0.10639945641249547
0.2159789071406726,0.07917054132761253
0.861718043176731,-0.11138220432587097
0.2583319163311936,-0.15190170509775883
-0.5597704791686219,0.2428831702158888
-0.6399345698101374,0.19487023873591822
-0.8390280185411473,0.24873564080968943
-0.39842967626315295,-0.02637666472070325
-0.20832285476150056,0.3135839262850901
0.27857049068518797,-0.2681289123852261
0.504117963861915,0.31163985305342595
-0.001989210689485031,0.23231165931864262
-0.6272132777751582,-0.02364340735944707
-0.46121791846131854,0.0336624129893561
0.39282039736903385,-0.20947615926873134
-0.060760944404549246,0.4684834603735914
0.1304927170028411,-0.00854249736002877
0.4352447344233428,0.03535885828911915
0.25919036393077566,0.48034072291213414
-0.0822338155321837,-0.741815127889569
-0.4580405596045372,0.43445919073247763
0.5369685487066332,-0.6020460991391453
-0.15700669560617045,-0.479310676633665
-0.3082449500499129,-0.565068114801312
0.029858217144979392,-0.27503682207957747
0.08013679596923279,-0.4283954054070431
0.10293587323671828,-0.2598902862125557
-0.45790634159363164,-0.2568042374590575
-0.09749109711605944,0.114219048949735
-0.30565344420500545,0.15385496313945254
-0.05997552069656769,0.43676385355160074
-0.2579268930908679,0.38614623610759974
-0.05503566747103043,0.28956596391674827
0.3343761638594402,0.34776230153771115
0.05908143280010478,0.2749300007557489
-0.11400205615381818,0.1358656994228071
-0.2572810888838949,-0.29272419508138453
-0.139078951559471,0.06793613327638
0.15603222438558173,-0.2873210137411643
0.15944406779911235,-0.30823803147816153
0.06994600364826929,-0.4032455919755281
-0.38567311118136094,0.04425464895971196
0.624150593797925,-0.20789356057295716
0.0205003234200378,0.12985053813047606
0.2556144088770214,0.3031092715085269
0.076274586065373,0.17679283161608916
0.014335215825411153,0.11976288921614314
-0.051285235987250384,-0.4697131954477832
0.02001237079482248,-0.04053879607494261
0.09518291829093933,-0.13018288455139065
0.2562160291677594,-0.03237740458496512
0.44533916203651824,0.6231709058454327
-0.22659513355940386,0.2712443011617539
-0.10767233337265919,0.14283148157595055
-0.040769965065939266,-0.23073164330052565
0.22153614503157443,0.07963775629436111
-0.047716524990940944,-0.3732425554284987
0.03649288147227313,-0.9411545554051785
-0.1643301159835744,-0.3663263221698148
-0.17424773690073572,-0.3033359871545016
-0.5928711337175644,-1.4559991484980057
0.41617492895915675,-0.34594618943444433
-0.1769590774158387,0.02179713159222029
0.6908068032812466,0.3462228183108073
0.22042024874690772,0.5065309743218116
-0.11942692387438714,-0.14131606166667915
-0.09783372118623856,-0.7120897443586557
-0.21778049238057462,-0.12501496208201676
-0.15778821385306058,0.09937677158558018
-0.2520891940428557,0.21124599796984625
0.12642235594921505,-0.012731410017370232
0.06586221584781161,-0.25020545225758706
0.06635513124127711,-0.15287211738262985
-0.1803590914844473,0.818071904100022
0.143402688748504,0.04935552257839413
-0.22042389199358434,-0.24021619806021907
-0.07914678463014999,-0.23977376691613975
0.3982331951847509,0.34535676778945934
0.5202144061926691,0.11932466797289101
0.3601030572477986,-0.021582984699177712
-0.05841163991668759,0.4018141117834935
-0.10940305052589372,0.36660747394573784
0.3412348994945563,0.6493174935846983
0.16147781774413184,0.3575088541969629
0.99546693378349,1.1749511278835334
0.2585740868788969,-0.08828525428150075
-0.07164525357269717,-0.16976262486048063
-0.21609211588418784,-0.045602949717779215
-0.10696778614218637,2.399886334325597
-0.136418460503631,0.2109778260752074
1.0416703739673403,-0.40621300812465516
-0.12621099721077345,-0.07969081828111559
0.017186455454811643,0.028936123173065886
-0.06540084516937228,0.08928299988371942
-1.0962544429311878,0.37359908980369133
0.4898017663342515,-0.22263118920254057
-0.4966365931909897,0.07452280253542908
-0.011814633285570994,-0.10386172381213829
-0.14399985079487446,-0.3835649315670427
-1.4482919585903233,1.1318932068896066
0.15889724220780518,-0.2833126402837682
-0.17914878570234272,0.0014842534599921115
-0.12256293747200246,-0.2085112160629347
0.014646210474393698,-0.011174918168277068
-0.0748729247371004,0.23825939471583135
0.08320147271692532,0.024870124039559884
-0.07989171142732152,0.05068183784683783
0.08739993402533688,0.3477678017476598
0.6505869460515844,0.5970530988961448
0.028563027309699333,0.4111766639531172
0.053851812373719256,0.7550445080989817
-0.31370557426243245,0.38696915670560883
0.36578750888854544,0.23619517936107373
-0.20490793354452194,0.6325767909878678
0.6549935707893321,-0.15126470751471738
-0.07072181640923475,0.1515144447439092
0.3686168105987528,0.1401210966623235
-0.16920519005426074,-0.011571057055006878
0.5706647833085683,0.1373999643848398
0.15753516148451827,-0.19385269967349364
0.22851955188434614,-0.29933064330851283
-0.03600644596563076,-0.13563857130801169
0.3105843039360588,-0.183428396527258
-0.2795014044576392,-0.18750598342736305
0.37669055123800305,-0.6371877734234819
-0.033749371153253806,0.10596968753462782
0.2925834308180586,0.23624671152816615
-0.17908076486010036,0.187139576113605
0.12360472170299447,0.06324102865464391
-0.4756712505383356,-0.8031364463916986
-0.05599995649150569,0.5142264542296229
-0.4437831776597886,-0.8302896503172167
-0.057682061503589344,-0.6985197578652746
-0.058437607052260566,-1.0582385792129942
0.008775878942597203,-0.04523251647657221
0.19657039397136966,-0.5180003592935689
-0.34229115661999354,1.495184211420377
0.19467279888842937,-0.2182392042492052
0.025783020150436854,-0.2565884450963154
-0.25678080547364057,-0.5142613731541746
0.22441637554576602,-0.38811558453090406
-0.214004042306561,-0.4378011919507761
-0.22648973212658602,0.095116943685883
-0.26081394874921215,-0.5456167865086937
-0.049490422854379226,0.5116820030629167
0.45543756406500346,-0.5014785901765961
-0.04945278732979876,-0.021750344719247527
0.024473594709365463,-0.04736975446527979
0.1208873825930564,0.021773860513209866
-0.11150597249354426,0.062173912140683935
-0.0886145673461277,-0.4072686731281953
0.09068199593457309,0.073658826129355
-3.4820732331885496,0.5444989641564666
-0.1502168961815377,0.4922383100592664
0.264160382143575,-0.2795927350135758
0.5459857448140358,0.29691289454709047
-0.13079619870864517,0.16709011243655078
-0.20151609852651003,-0.24021694831668328
0.1535045337319226,0.23825650204802867
0.7195366679738453,-0.4244071009888595
-0.008356609206477753,-0.9124107343311466
2.4776319112659655,-0.38973999029293477
0.21924458318765147,-0.5108655363345332
0.24306537254757304,-1.642874221513382
0.14389795313257947,0.14126970597493996
0.18417839972460737,-0.5093161054694904
0.12785314535070938,-0.26467804164510733
2.8339315137915935,-2.2851665609053287
-0.6853080015988378,0.49715024166920946
-0.09201098226479008,0.03188452734350685
-0.07836258829713143,0.07184248064111888
0.16862444371115334,0.07891392051872476
0.3612049902802562,-0.44111235094407086
0.0387060794144834,-0.06820230194197789
0.4234419595132757,0.1597380505867071
-0.2879137311101006,-0.2573500576564533
-0.8176347490039344,0.5001134034811159
0.372672362266731,-0.09823636038655217
0.3812857117445675,0.11113968758394617
0.07899314962206158,0.21877310868898683
-0.048554981445496255,0.15220258996739297
-0.12917907339059073,-0.04970851416062828
-0.02113809947861534,-0.27119419869072275
0.4858130756903715,-0.4421803656843565
0.8286090810768204,-0.33235820815069056
-0.2718175500654348,0.10460928477774993
0.7273730753257015,0.0879313458914292
-0.355679846214161,0.4583439621598759
0.08303116348181723,0.5816062733745392
0.27333717253870055,0.07483718272380603
0.14271727515172766,0.20939254924138034
0.02697115464902821,-0.23671313853625425
-3.3764113505308604,0.2821646668558566
-0.18901627104582908,-0.31666266532999254
-0.18265674377215918,-0.31962878385679466
-0.17125507294215145,-0.3268178784422185
0.1542139550335503,-0.48541174838895934
-0.11703010442272295,-0.22501601080590372
-0.3907612512172193,-0.6677110168461474
0.2151376030673375,-1.0087163326906188
-0.1752790331002186,-0.21100197439780366
-0.0025317946150525796,-0.31653032725708324
0.26982058663615666,-0.5606411473585539
-0.8720403526206978,-0.5082883312677984
-0.04388271887831743,-0.17541298440502803
0.28365042610756563,0.5640433329355989
-0.1274608424597038,0.4245912707512783
0.2277856346767887,0.3436299578422549
0.5567080997474527,0.5009010845784047
0.31924619342130656,0.5701639882868845
0.3405388092285539,0.3868780867100005
0.5365134869619131,2.2112904901078485
-2.143122090017823,2.681771756396239
-0.1779768634078592,-0.10802671652155289
-0.4142584631839726,0.044753094996506225
-0.18036387240613916,-0.02715518053062602
-0.08949317549820239,-0.07756695028549795
-0.17804114469024523,-0.23008774213517735
0.01446763752237945,-0.23411073694909115
-0.26624679444021854,0.11563391296813534
-0.25062214080308903,-0.06778115842094436
0.6909301618456481,0.029270083634677597
0.27942940303920855,0.10625385349349283
-0.12648580460613112,0.08789108711373984
0.6577866541854955,-0.3629180474699935
-0.4080658685930311,-0.026020815157097116
0.40883705194734526,0.23251180331618437
-0.012747887128392149,0.270239404030053
-0.37352886820493025,-0.33482318439369313
-0.029114820452965727,-0.04164320372351997
-0.571753728454462,0.4071870153644869
0.1068307467209857,0.052358976638057234
0.0015344805533774506,-0.41394477830324433
-2.9955155362197026,0.6747616308826433
-0.20512019503163936,-0.23191160987973947
-0.45042420418089485,-0.12209511382285777
0.41944805224742826,-0.2897899752052518
-0.38542852092799096,0.4213752752855574
0.03131133533598031,-0.39369725353224755
-0.31446663206251924,-0.22907340209186755
-0.08794696075460458,0.09805297719069898
0.2940298087904837,-0.15128382582899996
-0.12731382554459542,-0.0855199043110341
0.28139228896943896,-0.24262908194075497
0.1714211269473932,-0.12262852285221248
0.28514949198396794,0.2911027851546051
0.11968308081922303,0.2982913698973859
0.24957371055847,0.18936833200075412
-0.09295500125638605,0.1493651513700975
0.027914876175748407,0.21198957587367495
0.28573169182354957,0.10781178836577832
-0.03751407620494229,0.08788833601401444
-0.052277311842717854,0.22981558643726474
0.4455797655635626,0.12741470538341423
-0.16095412327753666,0.27715233499010294
0.08141340283784837,-0.1949770510298262
-0.2399852069545993,-0.25650274150915253
0.4465058882469452,-0.5408856189517687
-2.97908424328213,1.5906667834670134
0.022004145219107794,-0.027980649635269528
0.5098152858718501,-0.8346792826298947
0.09093496765273687,-0.5048916933417119
0.15406727761995123,0.14683537006825653
0.31370134705730846,0.08959239087724037
0.665293328545044,0.25670307115745333
-0.28084201575359574,0.15700645378407596
-0.011157894837596043,0.20548032642280686
0.07322781439939852,0.5088448627707627
-0.03795054353701078,0.10575811938162717
0.16342417024411998,0.030558473187354974
-0.11837864278465017,0.0427530006730035
-0.15180665982944103,-0.06451869749716752
-0.05365840784263721,0.12319552414957807
0.057373330946128336,0.03144733875384489
0.004014382987657275,0.05832776128816772
0.5196034380077981,0.011244900685394644
-0.01607915221712058,-0.1328173541039599
-0.12918299081837406,0.19308794707533816
0.23980276150492386,0.1492598071114686
-0.2055225769882885,-0.0958378161555439
-0.05795150081507894,0.09799499491107984
-0.2451959088972618,-0.3313831345069332
0.1224849034089226,-0.24749716558492066
-0.18786307436456354,0.027240881944552348
-0.13244137083556773,-0.1777117142412543
-0.1463914538059507,-0.4208013872642639
-0.1714100540042023,0.17308071405098013
0.30670603756409437,-0.09928801792836028
0.4493351480911664,-0.47722351647059436
0.016018256974821968,-0.15813223434199555
-1.0664569081771607,-0.1486822542221291
-0.07051298563672459,0.25082356161095315
0.4381874064396672,0.09264561225633569
-0.292247060336931,0.408024045667937
-0.0163738061430282,0.29042157797005336
-1.0970581994022357,-0.5499283826083801
0.022819333983955834,-0.47150865910854817
-0.1615114773240084,-0.2139597175430294
-0.3727716320286792,-0.28972052514582913
-0.24764414732337062,0.24580299142245268
1.0992590320393458,0.27490175253657484
0.1964800532359692,0.06078811069651174
-0.018010884014568684,-0.32343835966880935
0.9070351491462634,0.5265575580484118
0.10141558139790374,-0.9804632337330592
0.14086926692382254,0.4446486171140788
-0.24163700170365754,-0.004560188384454959
-0.26921195721106456,-0.1991919235079456
-0.8028498173334514,-0.19307676883335317
-0.34978191528869135,0.05852541429014124
0.04592944858244948,0.21535963638363465
0.05789970558458491,0.1528408314999316
0.0687914381086242,0.2030646769335226
0.07790541826074132,0.2239007970142304
0.10265246832990506,0.29555562218070364
-0.3591959142472176,0.6315329038752754
-0.1430460075373541,-0.2936173490618454
-1.0325473436754573,1.0287115847596886
-0.1180901783135089,-0.5006053954144328
-0.08299746053452348,0.15347344307181104
-0.5347906585321739,0.029089809684118333
0.13833116307316606,0.4736937071230077
0.03271208321395578,-0.10584951321223168
-0.28351626565726695,0.22678223633596162
0.05684400464118095,-0.1829097078127713
0.9894621426378282,0.7792361915823828
-0.1595463734322321,-0.7683733558292039
-0.24577497858873945,0.4505779046193258
0.4899046008698502,-0.4191524022225482
-0.016041057573320337,0.37847565380413095
-0.006433398809673393,0.34623766314346804
0.09585235709715126,0.43684782119751475
0.27818182238712513,-0.07837337692976236
0.08368618417079317,-0.0050100172025077175
0.06703946016317858,0.6454480208230556
0.30597169279535175,-0.09241563215118803
0.32497911551799963,0.37787380918055313
0.003104758203269713,-0.07027725633966447
0.21095182776313387,0.17187594308163287
-0.018250744950629585,0.0458885455217466
0.2303238041087757,0.07989334360672634
-0.06283183182279548,-0.10180078259452224
-0.0885790753843422,-0.0650605629804472
0.1199245175214569,-0.4072227176967501
0.4695298120838884,-0.06640090363932848
-1.082675059251023,0.2209178893667006
-0.320805509494251,0.3134642308234647
0.7400608014318396,-0.11498368373911984
0.27120121170517425,-0.007322696533140557
0.317702200397027,0.12756625824027515
-0.08057046307611833,-1.120221591302244
-0.19651337640347843,-0.18589595368670375
0.2863960718015152,0.6184650695296449
-0.24971177369079636,0.01845153935978179
0.14378089759583595,0.370301778886418
-0.1375455599256863,-0.31226766340724244
-0.03675163002340338,-0.05093946666718263
-0.10236556220868483,0.04912296172528993
0.029314815302689142,-0.041478684925876544
0.34154742774964053,-0.3003360786475365
0.036121912062758554,0.30605213942840864
0.38829972226754705,-0.043135588553695765
-0.002583850011883485,0.0009781334159532213
-0.15092548887014695,0.1313875352128534
-0.3892415612917275,-0.039710798325350065
-0.02032825783415435,-0.1255243713821298
-0.9343029133730748,-0.21684948554412972
-1.008672168755143,-1.861698143565255
-0.02010681473875298,0.031321271962413584
0.11740242184006873,0.051855301493440295
-0.11189382945813688,-0.19573809764689107
-0.03379268758216784,0.2095832667494999
0.0017761005798458743,-0.05691904940940004
0.519473904824903,2.7883716253932582
-0.007971327920436385,-0.12665906874635954
-0.4856633079207934,0.07587616354650448
-0.3555038671522958,0.12367982210330325
-0.9557274427856799,0.1491435321886417
-0.44397378487541,-0.025320327134935268
0.10235241717278051,2.2969722017637926
-0.29889649861347306,-0.19630396638250572
-0.5155051547622118,0.17314425631880245
0.19750139976900546,0.27493764702253787
-0.6122599015550958,-0.05072732373590803
-0.48023678334941383,0.06397160756006282
0.08602189476111068,-0.1388109329006494
-0.00547345178513266,0.5037330865401968
0.11995073044903927,-0.01240738509102132
-0.7686847859110741,0.23740150082868106
0.15338735705870146,0.5145027635357737
0.10154293668987564,-0.8396944609753992
0.14958470329373974,0.44499884539797
-0.5944145927645593,-0.5085005018385251
-0.19438702324143123,-0.47119430829147907
-0.11732824996581326,-0.5449636069122265
-0.2546930620042241,-0.4173141503235393
-0.06449024730625816,-0.2526861256615866
0.04501808645693256,-0.2544946634286009
-0.03510974062585218,-0.14569941545129803
-0.03318166443600474,0.11615463409851412
0.07819754393554085,0.15437042721046754
-0.13479216630449842,0.3609331288538447
-0.1810087139956976,0.35352418109944644
0.2176114124885674,0.36647047680878914
0.06787818103804227,0.33147947661711274
-0.2189059152682925,0.22053734212605233
0.4474204530639947,0.13231595552113803
0.3745916843492705,-0.5511259386359414
0.21453129163322857,0.06881250091689858
0.13625045493182256,-0.3464382240485432
0.08339479960164405,-0.3016738031936661
0.05921817681365767,-0.40908705880655677
-0.0927032154546113,0.04603060071876258
1.6907301978636735,0.741151881575911
-0.1778978994813125,0.12081425103619536
0.025146974772062396,0.26350636078401407
-3.3722153784390594,0.6018304270671533
-0.06037357733855971,0.12853068092224768
0.07016239856464772,-0.48790499824501904
0.03761537237086298,-0.05201757054956884
-0.012964319676827601,-0.10652301002353043
0.06326457871863833,-0.016649676514789432
0.3250122399705999,0.5607270285463458
0.6212326218473864,2.2141767734906606
0.630793064383638,0.3807972302787742
-0.24742913949545448,-0.27943589269303387
0.8925269258292656,0.10388140280088802
0.2886058436764298,-0.5274451698682229
-0.01590446987649036,-0.9426127319977989
0.41551640761398034,-0.5310778905920651
-0.12648976953742383,-0.2830563803191626
1.2984492292960128,-1.3570887412320858
-0.05231558108494607,-0.23483244376594417
0.5833230228351596,-0.02530547606744865
0.3480733450703869,0.3396791362054788
0.4041255313699464,0.4080295371116779
0.09052697990528652,-0.13503757874951497
0.0014506504495039976,-0.8423669239339564
-1.6320687224923214,-0.6610150281567377
0.28782520897063546,0.168633695774511
-0.21089715672007706,0.289821463085249
-0.10673511146916584,0.0029989270830604446
0.0752887816443943,-0.2086942953744114
0.0038778461613241466,-0.13910516800864361
1.433978629371673,1.9416245230099975
0.01722162777513689,0.06234622542296888
-0.031003712896266078,-0.21999979431895803
0.17529598462090556,-0.3425149132392489
0.531791435909342,0.05751549982522909
-0.4062127858857872,-1.9875820092087444
0.3080528294332244,0.08174361358005786
-0.46410390421577596,-0.19333791548710139
0.15344798470667656,-0.020518739240938954
0.14240825073491062,0.3640740725431991
-0.034289088084539544,0.3465188690135705
-0.12098449141824265,0.5138475799671478
0.08159327656711068,0.2150749429041675
0.1298083000735063,-0.05509322967412098
0.7606640514927773,0.688227748936876
-0.1312225604604486,0.34990687829329026
-0.0796692349473115,0.3004418266510039
0.17641107750345322,-0.08100166552323818
-0.16300229667730032,-0.18293266137464212
-0.11696551661576411,-0.04605040111312875
0.06171826828513427,0.4668406207140837
0.2660279826993696,0.1308848327733888
0.9873394315918941,-0.48859264021326776
0.05190335901120967,-0.10116478720367239
0.014728411958933818,0.014740292199524845
0.12461301914246191,0.15010106072890633
0.07441976989845998,0.1419866947093001
-0.01514353413505243,-0.1613071195008512
-0.4867853505588476,0.3792965123831505
-0.06151819601981544,-0.0013169567511021642
-3.456883476855745,0.7718165862066525
-0.675031080063038,0.09670154993836867
0.03082837138103508,0.051636485472878475
-0.42919577894417926,-0.7635753165364598
0.23386233403499374,0.03816486261143529
-0.13158436150924863,0.1716825989549756
-0.4962369544890533,-1.15963223636488
1.0557862474976314,0.16651334586057392
-0.22167567527209203,-0.3975465936918704
