MDS_m_1,MDS_m_2
-0.24709973397502247,-1.6151276871605673
3.510409394357834,2.370090032960789
1.6129766861301762,-1.6323711344024523
1.494779694041702,1.5412769382889167
2.250012250125471,0.7707318045525428
0.2125222988940511,1.332981849798671
2.863586039643054,-2.1303407864975354
3.7996589152789855,-6.525827951979607
0.9618610011503756,-1.416053370516847
-0.6722614353352049,-2.3359220600612485
0.6418389799863852,-2.3407866501812915
0.27695040639495627,-1.5575123104189457
-2.888684184644099,-5.057214411960091
-0.7450060660009337,0.3431227744165201
2.516316276641096,-0.04851531145521174
-0.30201095125418975,0.48897396228324647
-2.055752846995129,1.0381130273600032
0.7635760646240959,0.9144325270910479
2.5029604995943355,-0.6426080524258238
0.9799339423429749,0.8975656387872136
1.4326332807434587,-2.096676781222048
-3.1983212808520167,3.0560976891189537
1.185421837895467,-0.5423193779797476
2.1242832036335817,0.7888994925917646
1.999575156982912,1.211467976548364
-1.1305018945068455,1.2719304672367444
1.1309920743692896,-0.7107827776287442
-1.4860710130341528,0.06615080415468047
4.058636689900482,5.4400312710632655
-8.423180412931066,1.8554802414056208
-3.8993058634214237,-6.699693395575043
3.1942267237354667,-0.03097441125843525
-0.25830657419672476,1.9670470690900954
0.5934799841703577,0.008180702521199602
0.8037690484422655,-0.27116501031270135
-0.3737940906499494,-1.3750647220657768
-0.36075331997182764,-1.8857508129351201
-0.3782033245800802,-1.047382578079847
-0.2878798633854337,0.0887375888801017
-1.458125015719146,0.9958720658246343
1.1974844007270664,2.385686899616253
-0.9676567319154685,0.5666676032634194
-0.9153971334943691,0.7999119980054695
-1.466720609223571,0.16723164960704187
-1.1778022774352697,-0.4131748888877047
-1.212821679777339,0.3049961794526544
1.704462697701336,-0.4048939299940348
1.3950931826393913,-0.6148215760921163
0.3881756779186059,-1.1507998205031806
0.9259673916865948,-1.3528657281699112
0.5893668581447642,0.5172173306369049
0.7941284424403661,-0.5433071822523882
-0.5577729898356533,0.2676600147652683
-0.24405243536780316,0.6393496088675847
2.050403982088147,0.3403084728818577
-0.27690313404767164,-0.18604698557577365
0.9379991923135154,0.7778611274800517
2.7187170471943225,0.7076144949080092
-1.6123047930078562,-1.1595616453783548
1.8629779723494806,-0.4376656288804813
-1.3658219539682763,0.23905054394421393
-2.1486869746335575,1.6035402770766958
2.003665264195818,-2.712088453258825
-6.837271528743682,-4.063233538387391
-1.6146736680106946,-1.000947620987269
-1.6731624392552653,-0.5707063022526714
-1.7767060231199894,-0.6011355562077977
-0.31740501686717804,1.1653335078415263
0.875253015063145,-0.9361995509135531
0.5806311297682505,0.5570057266787813
0.33409504085231634,-0.5075384167146123
-0.6383948305874196,-0.39995253839727407
-0.3051106157938856,-1.0317677959502443
0.46636115114077464,-0.5583135228923005
0.48373646611259613,1.3628032752283972
3.2412558543555563,2.0754239047053495
0.9231579606835022,0.837841292408934
0.0003073753424427731,0.8765320148737322
0.5836922786389032,1.3174753356006905
0.0036743797330857386,0.8102745996127891
0.2718123736834587,0.6046708913481014
-0.9562692268048109,2.1773791185018108
4.695805427626615,4.566960250003632
-0.3882921804808971,1.5754769368272676
0.7556735033212574,-1.0996732837250154
-0.038787111308666467,-1.2918836758292567
0.9211308518114321,-2.214607727930555
0.3739320402265468,-1.2551903295899525
-1.868685844517483,0.1417504395588451
-3.316904928647217,-5.12977632527997
-0.04702874684883673,-2.5512403393012026
3.5810544222313196,0.8320306998388877
0.7150301006080297,0.8073512881142385
2.412409170250742,0.8317527356207692
-1.1528611920555227,1.1407542772460684
-0.24182171576493317,1.4135494658706718
1.6647484332773448,2.275500309258122
6.6639355594039325,2.5407858223076794
-0.0628780779554072,0.28648064198138007
-1.222383583221199,0.5710649982527836
-0.717897382422386,0.06752548017141434
-3.024155702008717,-1.5713196121826074
0.8484446112186858,0.05310462386894632
1.5376123164518252,6.504210340813027
-1.0320195422517076,-1.4870890596023605
-0.18054407023051086,-1.0339590297139685
1.3827992571623307,-1.8949504438272935
-0.9282950700689132,-1.9422155628576612
-1.6966926163405882,0.993275047623272
3.3396479753541044,-1.0337716991353643
1.6373954405210291,-2.22796539957725
2.7033697179411864,-0.9635100693938101
1.1710824372692863,1.4749095621818296
-6.4064837972550475,1.777004773695164
0.9317747740987483,2.897066104405005
0.5415446609406457,2.346348874204211
2.7987726571225946,-1.5813742604826702
-0.456296523485419,1.177128119582277
-0.29422322528010475,0.6879106817757743
-0.6663147449862645,0.556162114763767
-0.3153235350897995,-0.11947312733289503
-0.2564134307178965,-0.013303741948068147
0.16227338903362556,-1.0904856364442748
-0.4668339385539102,0.28245172652241
-2.2861849290873035,-1.2892409528111208
-3.08697547698877,1.0964516392844204
0.6528610303786961,-0.8879854385888646
0.9504128434314687,-0.8987637847762874
2.778233600034062,-0.2924323422762496
-0.3112753564178851,0.10581808013642265
1.8448644120613384,-0.3394422866427346
-0.5076449063490124,1.0842806381659706
-1.5706737798598092,-0.8669672880888052
-1.8700400017359597,-0.6945819559503901
-0.6257513320799442,-0.8764912244147411
0.13428594822093914,0.5111405738413716
-0.31714658389987915,0.4129936908479161
3.1088678412479034,1.3000206468585067
0.07538775064296482,2.6873358211312897
0.8023940229511445,1.918357424565122
0.6559976059754095,2.567480011456179
0.39487585377740997,1.8437466902479729
-1.064335921660067,2.102922556486609
-0.07193768257765328,0.9808551889823486
0.335097260602025,5.852582706271033
0.1621375536446684,1.3021372554835695
-0.9666671011900793,1.0708934539978237
0.6261593511886017,0.8618090100655376
-0.5987972280414845,1.4238120115860775
-1.204835845147789,1.493272096559285
-2.340744513771511,1.5267895883941371
-2.511865087018911,1.0672790582504144
-2.8323435469998377,0.4919817552353586
0.6340197521351404,1.0604267013366888
-0.10589956534008298,-0.7836553772982028
-0.9238216589593956,-0.06941998303946972
-1.0063145251695929,-0.2629930686750676
-0.552585247155771,1.5655842081875928
-0.4331566018784381,0.735393211909269
-2.2612220291036076,1.1926003435990127
-1.6236649878513505,1.2008093248113374
1.4034164876533082,-1.0704355714201157
-0.050402187308164995,-0.6210818276767176
0.27150137598978896,-2.0680366250524678
0.7767944163656582,-1.751914452593806
-0.6313231065020851,-1.2917569579950166
0.4469780281572986,-0.612307370049776
-1.1309003940984337,-3.1294559532244226
0.31489164742308157,-2.488388278330019
0.6406947115877237,-1.0350630477641676
-0.35316703259899496,-1.6958024974125163
2.606111603965699,-1.3370377065467303
-1.1752782926791878,-0.5574078730250547
0.9199237604270561,-0.9067086150237872
0.8444026998314367,-0.7739904139107853
-0.7535482243521731,-0.7893757654548486
-0.3230611681489127,-2.474038863504116
0.339672995826903,0.6409714183519896
-0.01790681323571989,-0.8981791555798904
-0.7264943234000326,-3.8392975691656104
0.24114602937816396,0.9587520921942674
0.46612166918239184,-2.6798305326434497
2.383273709369111,-1.3033506816141238
0.18470950429173724,-1.3373733175313969
2.070008333077971,-0.015307206067446205
-0.797284957849803,6.418919686624487
-0.26069029165590485,-3.003001819847834
2.5494445148471927,5.854559115584031
-0.019913582527373495,0.01731537375278223
-1.843804288475363,-0.5971086947638601
-0.6232938892502486,-2.43781840557595
-0.45368477959802267,-2.1557992945097655
0.26996817395863654,-2.3946296794143476
-0.11623642479652595,-1.3290269976851916
0.820870545951606,0.5914463056273934
-0.0828735941176241,2.029494057199993
0.5305372507409111,1.5744528204079573
0.28463194620796994,-1.3969744154130963
0.4097883119311607,-2.9335387737902208
0.37029995000104843,-2.1760391605999843
0.51470922308286,-1.3581904166950227
-1.2283175962082997,-2.0271466658219675
0.4487808639430115,-1.2547209045568888
1.6306527213212416,-2.5530324049422153
0.30563289213564787,-2.573947800447065
0.4692597274483961,-4.3241644800475285
-0.4545902288881831,0.24770389451711994
4.057449594682829,-2.178905028613313
0.6983796922395874,1.1113197450788903
-0.13117888262953928,2.76107185787355
3.917007049204069,1.2607184954856754
0.2703790571743149,1.2779733899752153
1.8518383533914677,-0.08344310561511147
-0.23101265153226663,-0.26811894579536466
0.1617092333479826,1.5065805531388103
1.750031203338221,1.1507736934166128
-0.46574902927524087,2.318994755728919
0.850360160711801,-0.9745896232419475
1.4527483984210496,0.32808353929818185
-0.8723416996289091,0.46434863726368003
-1.7219684643050344,-5.623450940447459
-3.258347313354629,-1.7557577788757468
-2.54884325139573,-2.3686322336403647
-2.335791059166643,-3.3917681444855843
-2.8616282708908214,-1.1164938596338299
-2.1392769928248287,-2.2147625725717925
0.2192577811019611,-0.44539759859029643
-0.930997790777405,-1.3012410179400953
0.5403859881817794,-1.1297824604517064
1.1632741262546835,-3.3821365020628047
-0.3798278839034774,-1.4891680265444887
0.25979263245513556,-0.6438175201792714
3.3346054278019266,-0.0038165328309042257
0.6446678506653865,-0.117565203417916
0.478082643461866,-0.2390367742766876
2.428435438372154,1.6852551722054396
-0.5523928680232565,2.2504431835107725
0.7882932454972406,0.16755926763993986
0.40049394971773794,0.4901570053773198
-0.16366256809311316,3.1673583527113602
1.8216452155679383,0.8228586678108284
2.4221151678441672,1.494276353635231
2.0350725798746963,2.080985164733701
-0.34915325042291623,1.432073124653393
-0.18054931379365852,2.1222233414699945
0.2791758677251359,2.4388752875697794
0.33456535315759117,1.3810015254251162
0.869006898338925,0.3803308316650732
0.5647503630606117,0.16335123978707966
-0.5930448281735522,1.2716219956744808
-0.6368417541865476,1.7714003279783197
-0.6594372097688356,1.6479979370620297
-0.5287840427951707,0.834315264061562
-0.21484395747293641,1.281258149145996
3.3858759104680534,-0.29641913696733374
-1.3701281957182299,-0.1890433341048611
0.657879166895683,0.26264542774173427
-0.4057135248586161,0.6552818790630862
-0.22711153323071628,-0.2992334346913351
0.7233576900277046,-0.5735657842901642
-0.6871736407630613,-0.5484141470777314
0.3149326712341877,-0.6561685179731582
-0.9482407003637134,-0.19613215612681145
-1.6161560688751284,-2.397768557518369
-0.6247182015958228,0.3240121391730595
-0.21790548736222792,0.6990417164326371
0.20329061034289203,-0.6936610719837315
1.769327561883543,-0.9012249497876181
0.4297094411544785,0.7924810121731055
0.09472373272326756,1.7081456336128162
0.14857810291339404,2.104154006260318
-0.41282678337147216,3.181319466588658
1.4209365784828465,1.3830497383595364
1.4804160020207888,1.7653844300805408
1.3709733356189724,-0.5013276553845344
-1.1420907218498877,-0.8271356765983168
0.7719194197705569,-0.72909281970404
2.380914048067095,0.4777119476399251
-4.003892477856463,2.2246668715994073
0.3656805872900115,0.839802443399347
4.055217871748144,1.0586616682247298
0.26336479493637016,1.7328265172087776
0.793898759913433,1.4935553721625194
-0.3552236684846074,1.4808010670864329
0.7858618605385116,-2.070888515309909
-0.7478718466549694,-2.037271030080452
0.5868651873067567,0.8250767114756948
-2.674650329331543,0.27245353105476017
-0.8194823572536605,2.283896747927058
-0.766031061035655,1.4526124161376441
-0.9646015251879294,2.6411694339042078
-0.3773979811794138,2.1819345352257025
0.6095806114226616,1.9735536801656866
0.8715738552438989,1.778999492030918
0.2647224213572684,2.29609836282226
-0.4699629290850498,-0.0820084127577057
-0.7335367616041428,0.2298655275021711
-1.851265402951486,3.3680186084356825
0.6942850388650997,-0.5565902256176366
-0.3544230497422116,1.623310892325044
0.6510883365388204,-0.5121029089017193
0.32982447332244424,0.7898165109754347
0.21551212022624147,0.2942551783130393
0.7448792871579983,-1.392678636187495
-1.758629567456024,-0.26978228050580627
-0.8211651097950805,-1.3831865814853332
0.2903180399522548,-1.8777121129883394
-1.6199015504009053,-1.824275474465165
-0.6751179559514273,-1.7217247136529938
0.031393820979165335,-0.9461935285164886
-1.4492800531963708,-3.016563181804704
-0.8251060315033584,-3.7844378085528163
-0.16323680867689155,-1.0009545747132593
-1.5050475008515716,-1.6439191447081465
-0.0489626831311154,-2.3008460836098914
-0.15468528644803167,-1.7901235248892524
-1.1602086508811762,-1.1228483662571904
2.420097539933259,2.6686237126324777
0.6881327907975794,1.9101405540651204
-0.3036957798616546,1.9501737649092412
0.4754246372874484,2.2643782302791426
2.0440978854484606,2.0586005574019577
-0.3135270399788002,1.7272811465090605
-1.091624305740199,1.3532993315872888
0.5005174601438065,-0.5995511849767021
1.1793628090532695,-0.6417861839778372
-0.7036403170895754,-1.6877262062110723
-2.1597816886860213,-0.19020239855186158
-0.7078731001196549,2.6345465580986214
1.6246362196498971,-0.14414722527612917
2.0280352086790523,0.5360510319760815
2.942847750238299,2.6996422634954693
-1.437034354673249,0.31017986083383386
2.7165868282599908,3.7107400105946637
0.9681076266174773,-2.090545773249599
-0.8326044876680838,-0.07117535462214296
2.291809239268123,0.042652862130746
0.49039039484623337,-0.17860063352445982
4.992617302674019,1.5058080640733378
-1.1351218799323661,0.36491141473692085
0.25216597162499155,-0.025875784312218004
0.9316042732779869,0.317930420233851
0.2694993179109685,-0.21888551519041682
-1.1304746439953128,-0.4198210991207816
-2.292827405441991,0.5284588191487036
6.14301122191794,-0.11792490572423617
-3.554527338733659,0.7531015445854585
-2.435839991849283,0.10578936636440446
-1.0410021651932206,1.544305162370442
-2.7928106445297347,-0.5347496421241156
-2.055351380705492,1.2739350980535746
-2.943511980438629,-0.0067820407978207275
-2.5619285674943693,0.3973581394816966
-0.5764764801953349,-0.6151317135934444
0.15455863131090156,0.17564723817562966
1.4248773400217383,0.18590585202089155
0.09690932643856769,-1.654409641582266
0.5198030225455659,1.7218689665914677
1.7132669786203476,-0.16111177388342793
0.03219495481953873,1.522105620728567
1.2095146937664636,-0.04703847256070969
-1.080584413481049,0.17072230838185726
-0.8884029696725311,-1.0763690222133941
0.3190017255563745,-0.08602636152555358
-0.477517093431085,-0.7956233165877583
3.7428784788975884,-3.0818816574205288
-0.262771516672816,-2.456797414281542
0.08288463419666052,2.051977739826976
1.1517512733343052,1.0180599387532505
-1.411763486012133,1.4563636667511322
0.6412262930047894,1.457916129378408
-0.15867261557768356,2.0804075960747084
0.532772509161304,1.453539411733677
-1.0060661203128076,-1.0519859398391482
-2.1584005047129295,-0.5907735616073441
-1.0519444109121419,0.5012527955654767
0.15563786538665456,0.4941012694563627
-0.9087478507979871,1.7929823809446028
-1.3299893838720702,0.954279168264409
1.2622615215627973,1.656078560061549
1.5147958265604675,-1.8577346893422995
2.7295518649823243,-1.9238635653715923
-1.1331376818019703,-0.6091005697008798
1.6154652329574206,-0.5603510944653659
0.09058775679576501,-1.2331166138926752
0.1817524111600859,-1.2340507700358072
-1.4327110639837488,-0.6054679090672836
-1.6749596263666549,1.1589250609548118
4.17051102265839,0.6641228337188833
-0.6059808891348775,0.48238774763618336
-0.17411564670007693,-1.1818535580095282
3.098860712919168,2.6742656972340386
2.415554071847609,0.9867331464734705
1.209158945224627,6.6959407572684375
-1.470075451806848,-0.30569911760633633
-1.2080497928472547,-2.2619883459722594
-1.9745659679303667,-1.5980000367533471
-0.041759907849849835,-2.1421167773424905
0.1677582014261195,-3.034698179552
-0.2566774732301361,-1.9008416323086952
-0.14316283963840526,-2.024287114704059
1.4443417443844078,-3.314854930382877
1.7227502967211838,-3.6347090392794676
-1.4784162895449442,-3.2610970096552037
-1.613702878225891,-3.116460010219216
0.11910570451772122,-1.3650530797802811
-0.9981405698096245,2.948933390277804
2.2396277418757617,1.9273575754761596
-1.400823694246619,3.215279837974083
-1.242644892949041,1.9006239183214118
-1.1546229712156606,1.9904432978461901
-3.3371825472691583,-1.5971776364789019
-0.6633882127538914,-2.0854593980722997
-0.41379739132329335,-2.6690651398364875
0.31994070015351933,-1.523207281966709
-0.08033679946437058,-1.3601595333843728
-0.14016534088832125,-1.2197054577144626
-0.6639735327265357,-0.6107198104948823
-0.6946890949732333,0.7454992220246739
0.2895980128686106,0.9323033019521997
1.0548646038564127,1.8471302909194545
-2.452179581140374,3.270504258909601
1.4858992351905354,1.4879173652868278
-1.1030054774652611,2.673221394931656
0.26069600675147925,1.0226949039574953
0.19686274944892695,0.6296626649615923
2.5100666778657064,-2.6893621056058206
1.084199227658318,-5.237534140838766
1.4724559844318905,-3.9603980032154555
4.013949812807789,-3.91415539529026
-0.38811893281568177,-1.8910714815788154
0.6345626061716597,-1.9079186832206567
-0.8380680773415616,-1.1856036865318211
-4.359737102117119,-1.2090924658222078
-2.4235110899020564,-1.1948942601833585
3.1568544409541666,-1.585233280089019
0.8831244311555164,-0.23442197727154715
-0.4638959958570003,-0.41188271548456634
-0.2433168824078679,-0.11318023765741414
1.586264842226059,1.4314256938823664
-0.755562346248775,-1.5435401535570863
3.620755170734615,0.8068861492467821
0.3922182202596692,-1.4865843419446736
1.1158764470874376,-1.3417052148081627
3.327289840669886,-2.4667631163549446
-5.816861587028562,0.309404696202359
0.023801764397264395,-0.29835748097945197
1.1506997193390427,-0.8578479591225568
2.9879435726731463,-4.043349086492472
-0.48950270225369,-2.5944222216412176
-0.805720181380199,0.7811211933605023
4.538334322455035,4.772827396306299
0.22696425794981118,-0.1245271835185903
-0.9587233129169306,-0.4171194040066298
-0.14963763194597715,0.9176109456998048
-0.11140791555827534,1.4275723534227978
1.7878971675462656,-0.9619571844379285
-3.5702035999070354,-0.17573571540738464
-2.5852789221226913,0.892849816982036
-2.8149972792726032,2.0808250472314276
0.583850022361801,-3.2782022542318354
-1.1456064411574405,-2.8966463917168697
1.0020840017434804,-1.2928177395688878
-0.9478406918814976,-1.0366229204640398
-0.4420670673747233,-2.7378268508156625
-0.29826421570449585,-3.02279611621157
-4.550573520377904,0.9953577085060564
-0.9297377537306839,1.4794243628394108
-0.3826959217930777,1.2512556468290064
0.45290885957401616,1.4872917060598776
0.8310577888118634,1.3031848603973009
-0.7107991352480156,2.114647091481023
4.428962208767027,5.1900602605940325
-0.9130537343135168,-0.5941398896426916
0.836652556460427,0.4678473392312875
-7.472853765413505,2.173814823364145
-1.464185175367419,-0.8847998375725319
-1.2121906775959947,0.3773605522208308
2.679809681737295,-1.4017274462764329
-1.380406346296084,-0.8521510489835896
-1.5483907557032368,-0.44435613920724193
-0.9186371674726875,1.0254837001440804
-1.4709189863629328,-0.7156010697392493
-1.6502092626991438,-0.20293859292779445
-1.1128500503955137,-2.0333215657523946
-1.59241256154582,-1.3310849466439616
-0.7385773710466662,-5.023574932593369
-1.0761685768200726,-2.7008104480737227
2.180525823203691,0.7609325438508363
2.586082725320645,-2.225787651764394
-2.0633829082117834,-0.26078078757909107
1.2763656679198558,-0.10361460317232257
0.763682551352696,-0.293391815811629
2.124208356182915,1.4761061029318692
1.4892475271014687,-0.1507352881375522
1.0603614227812286,1.2711821119538773
-1.9950433505075666,1.8078912405888559
1.487557220390408,0.2728820868153655
0.2584184503160225,-0.24208790573805636
0.2902911118672975,-0.5569593197583972
2.774293341856739,-0.4386995737613563
0.29077758702150536,2.4358634028494146
-0.23083995773989113,2.1082291061988583
-0.5580194842296156,2.0426560747084253
-1.2027098880980638,2.4702513199124465
0.8529504938188861,1.784532775388161
-0.6350237361669574,1.8858565937993224
0.9134471497026019,-0.37086241901680955
0.8041125645024905,-1.224166374406559
-2.0573529458629722,0.2417531005633636
0.4538592646481945,1.021720758268976
0.5808511731032991,0.44846867727322126
-0.30390337938620166,-1.8050766499136268
0.7962402768355825,2.5921650841475383
-0.960875882697877,-3.5860828200056325
0.07344798033819407,2.5880957947344445
0.06997758070336448,-0.5924061373654379
1.677984876601186,-3.5660288459837157
-1.7790161366866442,-0.1633775743100908
-1.0839552891435857,0.5841229462972441
1.3939250010230504,1.9153286466808355
1.3168332290029563,-0.07259663831323639
-1.5129191987431896,0.14146420395860082
-1.607291322414913,0.09503869077329
2.411977018039963,-2.285446243485642
-1.25137898250376,1.232745947031313
-1.6607507227766194,1.3369823873295386
-1.2957108263699486,1.595720880529964
-2.31699721335756,-0.5671063514763416
0.8783288195445198,-1.1034966190317328
3.979881857707331,-0.08783004930965979
0.6891216304936889,-0.33781491367642086
0.8492619030991763,2.1807797173355414
2.7888026406543935,0.25218521616967027
1.2037720324317913,0.8601952038016825
-0.07007630775163841,-1.749896923374992
-0.4239387653953816,-2.9392424002308584
1.6987189327497287,-3.3077176278240015
0.03293920041663819,-0.7808765371547818
-1.6539056571773074,-1.7542048482463866
-0.25050945170152833,-2.2521788276723185
1.1120590746354997,1.4069610332619569
0.06929383253904767,-0.3464786739422995
-0.07644288616114112,1.235867917752798
0.22050341582238286,1.2720034544593624
-0.19077856982498229,1.3258665479024434
-1.1249244469479787,-0.9616904644274865
-0.6050832731540184,-0.8653057452434656
-0.6605264539199361,-0.9565584473157287
1.7312209114897954,-0.018178877256280847
1.5748255536418776,1.927346070634976
-0.8451208033816715,1.5481355517807347
-1.6089776525760202,-0.6788113118604218
-1.378789489206113,-0.4342331618909091
1.7555038783920667,-0.820715308505216
-0.778927030057593,-2.47625425317444
-0.4050196380703582,-0.6442970350263917
0.9809956024021812,-0.7149511579350338
1.525902626350971,-0.7139597330533235
-0.5974124093182669,0.10609778630040614
2.259134276412774,-2.9898277031207416
1.4163729416175448,-2.1305434460425143
-0.12351482466123624,-2.5157073310028464
1.2334331660157696,-1.1826516681592116
0.958799576621774,-1.1754038592452096
-0.32292933844205984,-0.7885085974926158
0.6358792146248351,1.7093104446058354
-0.3556112044074442,1.3751858267089814
-0.27100778107351564,1.0097973449353352
1.8123018139259799,0.3725787423902033
-0.606223364589354,1.0289594689571915
0.3677079974590808,-2.625598840278846
1.987462422004171,0.28112497454589885
-1.0682995383115095,0.8201582584639031
1.527912152966059,1.0290377259149701
0.4803606434175157,1.0543241065376918
-0.6103136154684287,0.9243807296020498
1.3278926144066814,1.1452684726826898
2.9386453424788863,1.4165188105206656
1.5113937197962042,1.787766654566127
1.8261385798807952,2.011364924757168
-0.047910354386061206,0.9728558441132477
-1.722412684835904,-2.3612499715880895
0.8354608125238338,-1.5695856181608252
-0.0769102042613527,0.1561648215341747
0.07823485678035758,0.34996150233283385
-1.4770939201974458,-0.2823856667661946
0.7086090340008266,-0.051595126014458544
1.1656264697015533,0.8997269047276737
-2.007725764733175,-1.962920329948607
0.3267095840542381,1.0442096296442724
0.5165000154950543,0.35777530586332174
2.316721705057078,-0.8050647799081249
-1.586627943952234,-2.228270469451625
-0.8466502797070524,-0.4177983709221007
0.7861541628514078,-2.0013249486314675
-2.0660011081349103,-1.5120761064395951
1.1954259868055745,-2.250971976782481
0.2572034952588254,-2.0528874956284042
-1.17981320141123,-0.7701055626347102
1.7104081379692557,3.204926632795084
-1.5767594637129763,1.5326513207291956
0.5888359445227214,-0.5435532434701212
-0.9244530538073829,0.4006098849492453
3.4758572271487553,0.2908450014065688
0.7412580490248113,-1.0129505836772772
0.8777497958873587,1.5662519592310642
5.507218297230671,0.8346059189799185
0.7910621936427277,1.7777889375386693
-0.6105748912562566,1.6660459235605476
0.6912310336089528,1.5753852479694692
-0.5085688314761261,3.0431068006302966
0.35136399022272546,1.5700412468951452
-1.6647007808965224,-0.7783860956906145
1.9438951757526122,0.4496217663377535
1.83825323094036,-2.255014196684826
-1.3218820366346418,-0.02853224842822136
-4.43341626219397,0.03313387983268464
-1.7596532475511786,-1.6065513199355568
3.209717494521402,-0.41281821626444676
-0.8279333248121016,-0.9767901342480954
-0.48747930536351086,0.10395448326911963
0.4260572504668517,1.4523921998340055
1.8383682084560458,0.0556597807846254
-0.07371722318287456,0.3615623114068568
0.9054886296036992,1.7496730776222889
0.7026721197011959,2.3261136362915042
0.22322570357457824,2.501570784131912
-0.47563560559257956,2.211014192651067
-1.068840125000123,2.8321239461709906
-0.49240254120122867,1.0035225633545501
-0.7791227447506869,3.0263498208634108
1.4179073832604332,-0.8802657555330514
-0.6793369073497304,1.1634247542228489
-0.1160598006218601,0.8977147684913835
1.029727398069255,0.894946010051786
-0.11175914802843626,0.7562235176841053
0.7078006460760159,1.0955728331477623
0.6179142720257471,0.7716564568407789
2.431097337334104,-2.021364384641407
0.18041867351850407,-0.8550571038487405
-0.049350594336674485,0.19354328701028647
-0.16922199187725365,-4.051528997023677
0.03256108329169874,-3.4846698002400056
-0.2657226436071555,-3.338097992908528
-0.4365646296610823,-4.14572268679458
-0.8280982227904884,-0.08912645239569403
-1.13025233091541,-1.8841116072814141
0.057990262020218335,-0.6207955818482994
-0.4612708827439305,-0.6770663733917764
-1.594753944601156,-1.960335503517676
3.150534513691377,-6.51683547440319
-1.9360833091884488,-2.2698570990546942
-1.9974034456201226,-1.7970077049642326
0.35590981430451435,-1.9396201188980395
-1.050613686000208,0.08700129454264897
1.5784553201002007,-0.3964766910106046
1.3337398269387037,0.05382526127349171
-0.33853195968953526,0.42492409147126853
0.2750516258012659,-1.6457796308472887
-0.18297873247446508,2.723214591556068
-0.4244998831929815,-1.3733633035797959
1.0236792594779256,1.0327698200811835
-1.4219432549517959,1.394209145926095
-0.4943191827681256,-0.8366808306686848
2.210323764939544,1.265172631218523
2.796725774838475,-3.010183282004269
0.3299395785725611,-3.764811785473585
2.0517783117983255,-1.5328752535825634
1.2247270332374163,-2.892830640203604
-0.3580544502783384,-5.071431970662147
0.7940250983040938,-2.437120094880636
0.09779026899352646,-1.7870206177010333
0.39968848184419237,-3.687866947296041
-2.566749722661493,0.692204458797234
-1.3549046242254297,0.4510231589783598
-1.3158785773976047,0.7098533908121283
-1.17808292897029,6.37458723240518
-0.3423784049876306,1.0539943671906415
1.024473078105799,-0.6192053093763319
2.1447395739690625,1.1631001215961154
-0.8909449579918174,-1.1199532543978008
-3.569171826823962,5.665801823065568
0.45558056225798343,-0.4376500198589627
-0.9773362469160866,1.1146578946292662
1.4371973688497905,1.0101668091954892
-0.8345623903835284,1.934776629409294
-1.4542232738580358,0.02764355174738286
1.007883571099936,-1.3249598519965595
0.18004729013801005,-1.8816927229468696
0.1678270261168776,-1.0501777472106035
1.3706360120500667,-0.18112829956900522
-1.159997841481252,0.46137741114245695
-0.3145486637049371,2.4878347489039228
-1.6491415820789541,0.9847778427698872
-1.6777425710888678,0.7504565210177638
-3.7087827889553973,0.2657511595358701
0.07858153585179452,-0.7603005622157051
-1.3877849183548194,0.3346978368894193
-1.405059258969238,-0.001205645129686185
-0.6429900487480011,-0.27772619838618373
0.4895823732438892,-1.502453794890253
1.131776328216007,-1.5580544010005115
0.4690389946347947,0.5321167805438094
-1.2139498793088812,-0.20542594695666094
-1.9482121312452563,0.5502177813478517
3.9325924444753926,3.2703068948671405
0.45302784027756865,0.5064791823520819
3.1037823818121244,-1.1653041041269392
-0.5678650066856628,-0.11583331692819848
1.1074746770203874,0.84627101397685
1.542214620670712,0.9644124768776833
1.0527600712826022,-1.6080681536404875
-1.2050539316811757,-0.042065729658042825
-1.4658574520506016,0.2422765306670978
0.19847410361209425,0.4477490053112296
-0.08509943839464337,-2.3665430567493657
-7.040845312888684,-3.655417000189839
-3.1446616694770975,-1.145655691987162
-2.419977455930165,-0.4111155045740918
-1.8426030842744634,-1.0649682260009994
0.5919499672356229,0.8445349188910889
-0.8200941983440446,-1.5203338852550454
1.432949760333005,-1.11817334362596
0.17177833554455535,0.5924038651526043
1.9250587386982423,-1.1973045125950368
0.7913354009541634,-0.7726546627576412
0.13639880246432382,-1.0200737791201657
-0.01970371586353956,-0.5527283903336645
0.9751884647457625,1.3708560776700358
-0.9446822173121586,1.8783392127312792
-0.7143076717246645,1.3126604343161392
3.153870314369266,5.631682891628375
0.8755127146802251,1.2515992269067469
3.7055338756595213,0.38000079509253465
-0.5247299633992862,0.6426576981316067
0.8115165794005832,1.0946881742563452
-1.101067957228818,0.7038199182335872
0.9767548688248815,1.2668684915869286
0.12472404082100845,-0.8337809648209011
-0.28844567101067853,-0.9992736156455425
6.478934328991022,-2.69207939861505
-0.5771609929795217,-1.0113947877568201
-0.6086801987595204,-0.19582654021526236
-0.8955717297547767,-3.4195926310507967
0.6708557683977011,-2.538157256346088
0.06566677179862528,1.3152173362922261
2.8905514061386777,0.17731546262059852
1.9928341845388158,0.6556934461602273
1.8818202598444944,0.4412746568469275
-1.179260080747062,1.8714144296117128
1.6694389679493709,2.634063946842124
0.8851321629390072,0.45402915798552657
-8.553276469464251,0.04581500726783728
-1.5405065232338637,0.643951433358182
0.3680687545552943,-0.3356225531970552
1.5466269483423476,0.40718776448033905
1.0374209627231723,0.1493341832797136
-0.01882931646525897,0.44498907637086366
-1.1965678379720712,0.13532302370038254
-0.9973363621561547,-0.6697536373561416
0.26125649131580103,0.13971138837550703
1.7065825686558782,1.4698766658805291
-1.9523590293740058,-1.680542973881757
-0.5931519095463206,-0.8928298071636862
-1.1703722226968487,-0.7969446668446861
-0.3610726812894675,-2.0175540724638377
1.754886464146359,0.2578220290590621
0.9181817546044733,-0.45107924105665864
1.9613400044601368,-2.029690703250027
-2.5524180924461715,-1.0977475038626467
-1.5246330401008605,2.2607665241636505
-0.05750477899954466,0.4822833277478173
0.03535947992268556,3.351661397433525
1.1116451701754069,1.7523696947848215
-2.31933722318966,-0.9521093742905834
0.5794597628267637,2.473260581432693
-0.5250310793894777,0.706889834045144
-1.434247193000937,1.1178966214442836
-1.0555109371352875,-1.4908625458752458
1.9077458537660734,1.4258923678651227
0.5604057468989689,-5.658416359084875
-0.5741560793555446,2.127476475484951
-4.059560723496217,2.148441219798003
0.5447080112955149,-1.5086166442868043
-2.131998340362489,-0.35915708896406756
0.48555647949207575,0.3193964142920144
2.428068551200731,1.077530599510053
1.2533025562459703,0.7030484278146596
-0.9420473192908337,1.4315820573606035
2.2221272218092585,1.2835413625216383
1.0258186431442415,1.7226942988915699
1.2973384856223995,1.18322976891227
-0.7759192257062424,-1.4632735325319284
-5.873933528437459,-1.6751282502385565
-1.2995809684802213,1.2321708139858187
-5.580447600592671,0.5349415565546124
-1.2247473680904561,2.3433638125534944
-1.2940147624622496,1.3879231334727802
-1.3721260517910967,2.7460777484043604
0.7674990818593834,2.860707255376003
0.6640714042521655,1.9085973687640767
1.1882925790967995,1.7778008808204553
0.80958834008017,2.2440929757143757
-1.1322872553483074,-0.02223125275663936
0.15094347485270238,0.08118744627665325
1.4861850131906698,4.824668033960224
-1.26943739929237,-0.1816143258758495
-0.42320761339373014,3.5385061494061913
4.856434711522016,-0.41309845360168795
-1.2613377141734268,0.9912237549095778
2.2350015358782405,-0.03813759328670585
-0.800733348368867,0.8746399117616697
0.9335180915089482,-0.762597415434938
2.6165835581152423,-0.6972377746937239
-1.561970483555431,-1.5309501131909522
-0.43563598836976436,-0.3211786647047418
-0.2057003022231591,1.392779360019964
1.0292267015411933,-0.5289686755706272
-0.9380253205833434,0.2611070031261535
-0.05112413242401897,0.6572570385016451
-2.5586634380633675,-3.028698668837883
-0.8851299846596024,3.1279716750058877
2.41394383259567,-0.35392053187379685
-0.19774455314647096,1.4871254969810057
1.211634211887068,-2.335710443441032
0.75570048135627,-0.27732255520962623
0.7633829359309755,0.23059090429495707
-0.8395316976513503,-0.04153013933082515
-0.7756855492813446,-1.6677694190271126
1.2728703113979165,1.3023628124663975
-0.7462396021217741,0.2441872988659995
-1.9087431292345438,0.34310839544774047
-1.755028838309845,0.986989954149908
1.4074622139421258,-0.4382407056333196
-2.5115216515584784,-0.5226536662079765
-3.448300540074871,-0.29081521729822934
1.2709838644759652,0.4312899411757821
3.665572333714039,-0.6556555462500557
1.3522873172784518,-0.8511794331782695
-2.6734546817114992,1.1212714552944472
-2.928283446296791,1.0802827747016526
-3.616425539400315,0.9073127121260177
-2.12201468810117,0.032230792124304956
-1.175179391040023,1.7085583331666263
-1.655814913992475,-1.211416098797615
2.6946140113576873,0.9529460119198053
0.11694754885574075,1.3196085786188883
-2.9461136887540698,0.04921922760040421
-2.341134795976688,0.3578150216870755
1.8839945603461832,-1.0880397653638927
-0.10660423246861506,2.3979081588966396
0.6712244189178413,0.05350873737011188
2.211919525254051,0.07391598782983326
1.4262187528178276,2.253672974204207
-0.6898159337388756,-3.161379222796398
-1.957359392944725,2.2507849836398264
2.4591996430213117,-2.540160390681221
-1.0350476080021016,-2.1755806940843145
-1.6385119033327353,-2.4233914538268047
0.02582199056446525,-1.3875445495739949
0.6154656513765855,-2.0876468760199827
0.4615258968399906,-1.333294518288849
-2.3567775658863637,-1.0712312546132177
-0.6639280876394872,0.7064583377392897
-1.5950698038791815,0.9604282468411693
-0.12747697975659858,2.31426950933554
-1.1601472639097452,2.075026182026748
-0.21600974982775187,1.604747657469151
1.8163318177907113,1.6197026467779267
0.2890479288191569,1.5142857905835059
-0.8506267761049235,0.8263056183969175
-1.4950688908793308,-1.3116826354353721
-0.8059201314064457,0.5096862406079625
0.6996441058067315,-1.4814863612352842
0.7504876821982048,-1.5962540423710767
0.19779601935811963,-1.9824000086914342
-2.0200741291500637,0.4791987190296068
2.6448216002672393,-1.492341377675248
0.19373738052927741,0.7697109816345507
1.597046357765052,1.3594308243208875
0.4491579043164771,1.01303321951319
0.09915857155613682,0.7562982536598539
-0.4406848375999661,-2.212154728337104
0.01860513344684174,-0.1697178450130748
0.5206112577347829,-0.6906966708278314
1.3600781615842326,-0.21006935031474708
2.1722774993631995,2.6264095321425707
-1.0020939735358094,1.6794684925015801
-0.521610089407412,0.9391345820358515
-0.29698035629417596,-1.1419485580949136
1.3551257273100383,0.36750760669431515
-0.4001109137460643,-1.8102698788287148
-0.12331464187161242,-3.825536690403048
-1.0120210278311375,-1.6977648869777848
-1.0721798197449928,-1.4306531772364386
-2.7911367863955814,-4.535857674707992
1.9107658429409673,-1.6874127813122028
-0.9977433795946963,0.34412913896868597
3.163023308235733,1.3430217596311922
1.2135602346106833,2.4895120981642567
-0.7801689869219554,-0.5981038076232652
-0.7896212124297657,-3.0504467542257867
-1.4343487526090646,-0.48213782283807805
-1.079995712394762,0.6516039347622333
-1.368264968237186,1.22352656438185
0.7441185162219879,-0.03203289640232704
0.3386269299417985,-1.26706249146155
0.315254003232503,-0.7761016568074393
-0.9507759551954529,3.5619418172754407
0.8226053989025518,0.3136129867493788
-1.409450618970267,-0.9389625271796331
-0.5294481808302429,-1.192829210150005
2.625360845638878,0.628708021684319
2.636074703556763,0.34160338768483195
1.9346457272993967,-0.20496726260857367
-0.14201881561051033,2.130504747098148
-0.4271927243602294,1.9849194202033789
1.8583584396657793,2.7760290153713587
1.0480460091771842,1.7974378637232973
4.0748414910832516,3.4692718062471593
1.343330270866849,-0.45103786281952807
-0.5143811817183374,-0.8083433574029616
-1.2746641189103096,-0.1168757439834058
-0.8789003718103644,6.795963082135943
-0.728005240168965,1.3472835829548466
4.06784871734396,-1.6991696923015909
-0.8007555512679305,-0.30470198559861567
0.09673168549907386,0.2609729875955785
-0.3593474280106158,0.6060232043215698
-4.175404812653137,1.6643255161731032
2.400724814978848,-1.066965305287388
-2.4525453154421886,0.5359823429262383
-0.1452275924521119,-0.47920633599061435
-0.8971177918509248,-1.8166355659337976
-4.067859463884308,4.224968652842724
0.776506829970467,-1.4867728007960155
-1.0193814161563222,0.20979940874177436
-0.7915175043351211,-0.9668027965704398
0.10862593844260425,0.03142758649698422
-0.3203564456200082,1.3817816731565502
0.4578087488469839,0.1848237767113
-0.4614967213400392,0.39088600835841075
0.7441989463206139,1.810273879504164
3.0970208121033687,2.18799146343189
0.38942306922240655,2.134304907408313
0.4523430205543313,3.3879731155568127
-1.4242506216871647,2.0646235112919653
2.0389987426562812,0.9927116919946848
-0.6820154917376143,3.0117128548291223
2.9695820165858993,-0.8215452548674346
-0.35532006654817383,0.9811212790668259
1.9504646902573632,0.6446539565336413
-0.970867904461409,0.17887665765168093
2.7787445347195385,0.4479617764566133
0.768076894810971,-0.993519005304198
1.0916878751972179,-1.5059971907979832
-0.28538100175301057,-0.6048995686948115
1.644973264848467,-0.9998201679773199
-1.7323456325105675,-0.7503561628017875
1.722213964036007,-2.823284820057998
-0.15814269031190695,0.742647810909976
1.5809899845192765,1.1803096830167903
-0.9004977436261916,1.193412092729094
0.6813727320372985,0.238325568390429
-2.315316385665412,-3.042673898983957
-0.10258917030429099,2.563256534723216
-2.1821716986170054,-3.1502737266963887
-0.5142786845949913,-3.057226741514503
-0.6040713012179446,-4.112503701662757
0.0011429319709351498,-0.1842086467748807
0.6182153972783483,-2.58890713417533
-4.353152292073606,2.9313228571509393
0.999044183460193,-1.1418116418525028
0.12200425164365045,-1.3199595524702543
-1.5123906660891704,-2.264238703334332
1.043882257051059,-1.9395183776769214
-1.2559208917705413,-1.96101330483927
-1.3475992384260282,0.6675337214536541
-1.4840298387432236,-2.377681270028087
-0.08093113721084502,2.5527837060105885
1.9691623987440354,-2.3466393815644504
-0.3216096614519487,-0.0039688577122998945
0.1087726481186561,-0.1986431114280482
0.7177589405374992,0.1386319566446845
-0.6722558619033994,0.4580922620663724
-0.768663355600973,-1.9937542622499427
0.5576599386461726,0.48402967530503677
-8.914077313102657,0.730714933961522
-0.48791798803862013,2.5395342511626726
1.2890683738964144,-1.4276210341229034
2.746115015990724,1.1122624160888788
-0.6531940037371886,1.1027746449009506
-1.239713738930715,-1.0981978019901408
0.8736348215883367,1.264933657789676
2.9856470169827842,-1.9419190138261428
-0.29465220824976274,-3.7479344880521803
6.062035647844281,-3.5448444604136866
0.858527288309923,-2.4401446540134817
0.5521205306740291,-5.453534274850045
0.8625971545003973,0.7694832753816182
0.7114667465772403,-2.415767861300763
0.559872041815306,-1.3435964891825782
-1.9135930691903935,-9.063131472576162
-2.615782870922616,2.6350230021781997
-0.5512543949421167,0.31474784971399866
-0.4314364490290243,0.5226151321655241
0.9930093016063355,0.42990613087725
1.6069424399294159,-2.1389751259608425
0.1770916398873088,-0.33607963979545663
2.1576222648742314,0.7254812963676778
-1.6456543406103352,-1.1184629359857996
-3.3859967791571677,2.0603667392277356
1.9002473192970208,-0.6159029836621085
1.9662615799279517,0.5311078177709349
0.4972866913038665,1.2368439321252604
-0.23676435067682336,0.9661896642008861
-0.7689948766454582,-0.034550341544438264
-0.30103519615471275,-1.3161720918452253
2.0950858715724197,-2.0934284210777845
3.4857191242876024,-1.4659053444812649
-1.6733728032472357,0.5129813780708269
3.308715312747786,0.03353305264108065
-1.5518912593172531,2.3421522396886023
0.4183190510768191,2.853921777277404
-0.5274375580224404,1.0709137879832542
1.006916504182848,1.0930115782052132
-0.0035111595468306942,-1.2839953584226695
-8.599812375468519,0.33998766402148073
-1.127809276652359,-1.5194618026371387
-1.1184113288274897,-1.4745387168786699
-1.0311398996427228,-1.527032103351558
0.7778948812070137,-2.330444634951649
-0.8254883457001138,-1.015849996602538
-2.0545575377798655,-2.6419925901134844
0.7069413475943623,-4.035556019482211
-1.0982708967773174,-0.9510490143353016
-0.16052934981166275,-1.576380111242956
1.0793990776410376,-2.6142851370715743
-3.659079780936142,-1.7823718380238676
-0.3331913657583372,-0.8802789277964334
1.5585018806219368,2.536850095211818
-0.45924207251774285,2.24009529568884
1.3080569989886706,1.6972009022823564
2.6397586310260297,2.070270084509445
1.9701569094355582,2.390934593252043
1.8101491661105462,1.8078373988354954
3.135516793683702,5.844898313817272
-5.914346321539288,6.423665729123866
-1.1014462355498338,-0.44234652653769324
-2.112338558338674,0.43035935469662934
-1.061170519564624,-0.0012258958764183128
-0.5556322140414478,-0.30228396182085177
-1.1131823017572988,-1.0453867467809481
0.0006207402960572777,-1.1792402426529267
-1.4131855655160388,0.8197058516229486
-1.4089444471111252,-0.19189973711916652
3.168530137765759,-0.1260811319833359
1.5542144158403775,0.4881073058818431
-0.6772236289955516,0.6396799636526463
2.926808560759042,-1.5545263482979705
-2.097975809061913,0.11449100140689968
2.208940006860034,1.0311190580804341
-0.035757318889248636,1.6584307024204203
-1.99572148482362,-1.4547396329619133
-0.26437555317327127,-0.11016930041519334
-2.575990738982717,1.996981592770364
0.5879083870327816,0.35719162666250626
-0.1225919038925542,-2.0096360790544363
-7.120152501391809,-3.894387578271436
-1.2959543177052903,-1.0535045975973705
-2.3165605875105437,-0.356676548548385
1.9307491837834108,-1.5520100922766757
-1.8603558073672481,2.0907328292609013
0.08059337217342283,-1.9568086963669344
-1.7919492163793111,-0.8728746738955321
-0.483318571436662,0.677658707921694
1.4831480102360175,-0.8074688363676162
-0.8071964395634451,-0.3597634906446745
1.376980854825781,-1.2469869565927412
0.8637478374326141,-0.6289710888832022
1.5455864988600894,1.4488015808045032
0.9128913123478968,1.5265019410930265
1.4467168731375992,0.945369460070558
-0.42248551140498014,0.9773048585087294
0.1954346130657704,1.2344817400881618
1.57225487945428,0.5320158370975124
-0.1869249115408898,0.5968950016288408
-0.2446254426868446,1.3531730927692784
2.28275445439333,0.43708686104786765
-0.7367254110968019,1.6336907214659881
0.4205786231212442,-0.9823446847073141
-1.3591518300593752,-1.1570351253421236
1.851588620006125,-2.5374422044217058
-7.504940081362961,4.190652663517779
0.0706860687383816,-0.12962834052261796
1.88171134613494,-3.4905049571875795
0.22130259172479733,-2.407249530777487
0.8964895569004532,0.8376436380929179
1.6652535302123923,0.45727238325609526
3.1526441560086655,0.8479782588430929
-1.4249423063577495,1.1824812515055447
-0.034224100349952026,1.2749911358301367
0.5262320557653054,2.5070084315688956
-0.23293426430387065,0.7137144169326692
0.9483919347352957,0.16316035539805523
-0.6725382770754524,0.398664322541411
-1.0169963948229974,-0.1570642834636327
-0.3344337856686944,0.8357323524063518
0.3316929821938308,0.23382571596180068
-0.020010099598098744,0.36415625517873756
0.6528527409723874,2.4234046993436253
-0.24892382845134814,-0.7110781415486959
-1.2158280936761099,0.9031060169130605
1.3816259917599776,0.7511444328934879
-1.208638032302407,-0.337349767519795
-0.2785385302998028,0.7482044037435046
-1.3991708969908818,-1.4886909308566891
0.60326920478469,-1.284458207088725
-1.1219902445890084,0.24250973377826165
-0.8252180839508405,-0.8094011063434854
-0.8958378141561145,-1.958015810714731
-0.9557517140999462,1.2725509931874897
1.5997593990143921,-0.5055773778551744
2.0632284264486676,-2.1672064582441224
-0.004230109842026653,-0.7891340438075949
-4.236913276461125,-0.29412713312951305
-0.29823716914606624,1.4841749828394648
2.239292141343319,0.2678511511170189
-1.3076062934876909,2.1674745140530516
0.03934430514998439,1.6176395529655876
-4.2853515627624175,-1.8370227894886886
-0.011860167434872842,-2.3001424740167957
-0.994084084179502,-0.9746341806587007
-2.01422553136561,-1.2803708016609774
-1.195889593961594,1.4726781243036462
4.413019921414878,0.5658217982507028
1.1201140913716854,0.30978993470493443
-0.21311139697313403,-1.6111366570101755
3.957838006659856,1.5478610744076335
0.28143921233480723,-3.9676119955466027
0.9072573532961931,2.2445178466604614
-1.4353368203424715,0.12369430505530217
-1.5247349479656707,-0.8242431463696253
-3.5295109575989883,-0.675816721130311
-1.8277683598303867,0.5281617092770015
0.385126886131432,1.21296077594782
0.3613960622017184,0.933255415673129
0.5123116373139418,1.1466572099097025
0.45108434075373793,1.2814483162122747
0.6253739866424641,1.605031002653092
-1.7996686791601733,2.779215569931496
-0.9263103073240826,-1.3955401599574135
-3.0475157575535565,4.162937085315475
-0.9351074495346495,-2.3095977172305027
-0.43527231601562333,0.9501949057508456
-2.6172865665971847,0.2980165332361567
1.0012740963474602,2.2848292445518927
0.19313066230442738,-0.5135860777233531
-1.5243368828375858,1.3285946312532093
0.24059166983522698,-0.9505996723648219
4.094703548507762,2.4025054282450977
-1.088546310504216,-3.2202703923070626
-1.0401844875242037,2.3410783687218157
2.1848685689379046,-2.004601440295056
0.04264643931346441,2.0200201172363905
0.120759782354268,1.8647382603316462
0.6596951155262804,2.2031327130370677
1.4520284739784004,-0.46016879473633043
0.43520261823283557,0.03423894352955103
0.691992370483867,2.975074427110174
1.6136244674725317,-0.5749021583319325
1.7539239952460712,1.763037199916523
-0.055116578694198205,-0.37785871098536794
1.2505165133478298,0.8510756536171125
-0.16835763133879372,0.29971550977202216
1.3121634151018156,0.4167910833412438
-0.4215551645412741,-0.4416156069357214
-0.5623806095056195,-0.21801149793677208
0.4858986663254312,-2.0266013391775877
2.24908882439332,-0.7336540943579948
-4.175503365429785,1.1061404250741318
-1.4954268397679893,1.807174285727551
3.291438746207122,-0.6947157176530703
1.466456245479135,-0.09286040835262455
1.7469618056267164,0.5751585469101407
-0.63689056264752,-4.290621911622573
-1.1819525138517086,-0.805815346608672
1.6157036964003428,2.7140778297950106
-1.414574294093578,0.2958431118934004
0.704767254456527,2.0625515793460396
-0.8665712009393288,-1.4831728334275012
-0.2476581129528285,-0.1560626680827094
-0.5744952068593275,0.44452934995080273
0.14516140015428103,-0.1587047496059427
1.6112907046193081,-1.5108570843638172
0.3189716170093197,1.68671541765902
1.9446301584709056,-0.29167627932657025
-0.13532357874484768,0.04525251319911419
-0.8937203584300437,0.9344360368822625
-2.0512798040659463,0.058035785534524965
-0.20534210876637726,-0.6387229308706855
-3.8689398665903068,-0.7653004719435351
-3.9915214127419407,-4.917685578218933
-0.1654563750744062,0.22951893898623937
0.6917072779927601,0.33497689560577093
-0.6954135575774419,-0.9612935158907436
0.016452977162841137,1.2302068900331005
-0.042392218807016206,-0.19915973935644649
-5.097481625920313,5.594570220023287
-0.13501929519722847,-0.6490919740404886
-2.4140411454355304,0.5360290284776368
-1.9088250618828806,0.7296403881728187
-3.889438706729076,0.7610906926291353
-2.2823105019866965,0.08392492513205838
-0.6467119846286351,6.630473358499067
-1.7598447890737596,-0.7937989197561174
-2.476038942618047,0.9439685854938333
1.1904457194739182,1.4060646650536872
-2.8910507921043958,-0.029824229034725133
-2.425605697834853,0.4246959643997914
0.407770346188879,-0.6881690122962726
0.10046871779616127,2.5306346413465453
0.6409455033018365,0.04495497603758921
-3.168582722700166,1.5989583681542587
0.9958775685084866,2.460974187092462
0.34413814599602166,-3.5369072987216685
1.1170736335805067,2.1693803758574886
-2.881319907839,-1.9250655314858036
-1.1922829940191804,-2.107339324177496
-0.8341493327992514,-2.468308802361262
-1.515114876219106,-1.8433124522392565
-0.5017114227875253,-1.2472304446862381
0.15603271174716102,-1.284088161342491
-0.27484468945304613,-0.7051595152210829
-0.30043469203817386,0.6682172471601278
0.6000988290406215,0.8639994900370761
-0.5653152478213126,1.9658754157411207
-0.787687876254845,1.939407655009008
1.2971795638068166,1.7610284774394764
0.4996130555721741,1.7399719735666217
-1.0535283006011882,1.418316184065433
2.3074779863373447,0.4357882500295028
1.5730144193777313,-2.572532767159044
1.2347637984380202,0.3074842257563494
0.6361428049343282,-1.7634716181233496
0.3453040698469827,-1.5301861578201614
0.13121670469220037,-2.015555744244094
-0.6122258654257287,0.3471767271187047
5.675407434816897,-1.4559497083368207
-0.9868930121846685,0.7913161891488537
0.1332450006680718,1.4587596285507323
-8.287906340678223,2.6543726254916806
-0.32113083172207757,0.8329739667081373
0.1806187756332412,-2.3326404923958726
0.15797328632429222,-0.2124788318876164
-0.15372442983961812,-0.4725156798054279
0.3634789215265798,-0.03213737433988157
1.7095674905147435,2.50321127655452
1.134364169637513,6.567636784217639
3.164388566015337,1.13160268609974
-1.4530726412847288,-1.233068402524333
3.8255383856964627,0.14171661490878512
1.2438457604535391,-2.4786256637095647
-0.4181313818330639,-3.8023912475622557
1.8272782041421116,-2.4654869408165783
-0.8420072104323675,-1.3427108699192862
4.3439308947167525,-4.038873026682855
-0.29681604821394286,-1.2088131148020802
2.7149132515859256,-0.2782361236567075
1.8946799040374762,1.5806102485975102
2.0792756774247847,1.8891356217165436
0.45341256165110716,-0.6735250940156727
-0.5201892784772316,-3.5567380511152016
-5.026583344950365,-2.6078825645725177
1.6805105660618938,0.5703951663592907
-1.2728530229435575,1.517426689172249
-0.64546047042328,0.20402763217129652
0.33156918247673517,-1.0625585602449126
-0.053214377250634715,-0.6703167281150493
5.080867024855744,4.649084679181658
0.11208591185362239,0.470551545361339
-0.39620944438042427,-1.009600449158721
0.8920186714804995,-1.7210181223357077
2.6058495081471067,0.0909233576748284
-1.7870326888479888,-5.918790437520652
1.6680142223932928,0.38004260377804283
-2.3977763337482143,-0.7839018754226587
0.8590750107659587,-0.10015085559212426
0.8708635177058565,1.8774272369381706
-0.0421424084212838,1.8814953754383672
-0.4096411339083805,2.6120776464331614
0.5837295488291657,1.2154287745273245
0.6638837312840792,-0.23459986759556387
3.660470721791361,2.0560922380571394
-0.500576225317415,1.9592786103918023
-0.26499925697505655,1.7299482178751409
1.0297056026883473,-0.3730462729619365
-0.9910303859355325,-0.8116332551942865
-0.7409740390262365,-0.1363235199521627
0.6677744759074155,2.3278622394595114
1.4702116696141334,0.6829848582945526
3.882261605846804,-1.9456635385243009
0.2727579268537567,-0.5367379431043818
0.07953255160737506,0.18376477880881487
0.8575189518707549,0.8280085988990001
0.5780008107764865,0.7450422383838954
-0.12253469205513837,-0.7962517307998811
-2.390586941934351,1.7292166816184635
-1.172505511758418,0.06686268113187607
-8.841445836709465,1.6455763650734039
-3.0565861794733897,0.6484075912301637
0.2127106546110235,0.3461462831146732
-0.16724221596263072,-3.6978148738846586
1.3722741891069101,0.11334681561489234
-0.6919128077800761,1.1000067584974762
-2.1834443377680555,-4.167813060881227
4.275489948679311,0.30264950856872563
-1.3305648310567033,-1.9159022001134927
