tSNE_1,tSNE_2
37.213234,6.5183578
-13.275345,-56.216053
10.719793,-46.440956
-6.0004206,-46.673252
-0.8087705,-48.18652
-35.154808,7.0092387
26.196135,-25.110176
-20.160658,60.275684
24.39704,-11.007473
46.10267,5.2661576
46.953148,-12.297353
9.8925905,-42.94659
21.97569,40.717236
-14.649309,-1.3591009
1.438346,-51.82739
-13.516483,15.559788
-22.453003,32.437923
-36.0501,-9.6504545
11.870935,-35.09184
-38.631306,-14.658438
8.049845,-58.84557
0.62135035,57.001564
4.7017026,-33.888626
-39.742992,-23.318033
-8.084053,-48.00531
2.0177379,35.95954
25.086575,-16.391851
-29.40389,18.320744
-26.137457,60.357742
22.915352,49.584343
21.94152,46.794884
-21.95015,-50.389595
-35.8518,15.529313
-30.389585,14.370789
13.828571,-4.786726
32.61437,3.2614064
35.045822,4.037032
32.23269,4.646338
-14.092383,-2.7371511
-8.280844,-8.496186
-24.12149,-26.524347
-9.604292,-5.1026654
-11.068649,-3.8176863
-4.8335457,10.382865
-1.9632616,13.660916
-5.049936,11.574158
11.020526,-33.555748
9.851629,-37.847874
29.406235,-10.4758005
30.65338,-15.323329
-22.693542,-7.6988606
6.3912296,-18.169024
-19.625092,13.068287
-17.813528,11.071286
-7.893888,-17.053444
-15.059837,-2.9273229
-36.12815,-7.1138787
-8.523361,-21.502918
34.12046,17.8427
4.5937653,-45.57224
-9.849757,-3.9994295
-19.387424,35.868504
19.848637,-44.33943
2.631066,60.5441
6.2014093,-27.262482
-3.656908,-2.1445773
6.061648,-27.003532
-24.88621,19.760508
22.702856,-8.905856
-20.897335,-6.9976873
11.035891,5.6388774
5.215869,-30.105467
15.099261,7.582975
12.731294,3.941714
-39.330185,-5.9041963
2.1291888,-59.72511
-34.672626,-8.149679
-27.866447,9.777917
-26.441486,3.214792
-34.369957,11.230312
-22.33396,-2.6275947
-8.48908,-41.595043
-27.262995,61.545513
-28.516855,27.386324
9.392407,-42.13147
16.160402,-8.751567
22.817183,-37.798378
32.24827,-9.8793335
2.0032852,24.125486
21.986387,40.907516
37.993984,5.4678655
-3.7644556,-55.625214
-31.838919,14.8955145
-4.5441217,-48.535877
-30.19943,19.319277
-33.891323,15.497839
-43.6315,-15.335313
-27.520905,58.085987
-18.935148,-9.660629
-9.14544,28.800482
-8.6159315,26.192482
-22.384655,51.529716
1.2581282,-12.381141
-24.812096,63.38444
39.39188,17.650793
30.486849,-7.0167913
16.58961,-10.197844
41.749313,17.86328
5.3138933,31.831446
-7.4466243,-22.6693
21.417486,-21.934286
24.787678,-23.75472
-24.47427,-16.12623
21.416973,47.884716
-29.545513,49.841824
-7.9383583,-45.41432
15.824708,-31.751606
-18.187738,18.445719
-16.824312,22.15674
-15.142067,19.602943
-9.041353,24.699942
-20.21923,12.594665
35.043556,-14.7305355
9.733988,33.4826
12.148893,32.4823
-1.316941,58.19554
23.47554,-8.384909
7.000593,-18.986633
3.3880475,-56.3043
-19.563208,-0.9349311
-7.7703633,-16.31089
5.538535,39.154015
10.731368,23.390461
27.698503,26.942472
13.547663,16.89874
4.992429,2.1029663
-16.611109,28.709526
-3.2928023,-55.675873
-50.20263,10.5310755
-31.734886,-18.03983
-31.159695,-16.72324
-29.86438,-16.38162
3.9731266,38.920696
-14.335308,-35.924755
-26.468164,62.267242
-44.46428,9.769784
-12.71954,11.196552
-10.8773,-6.165977
-18.45118,4.106748
-14.383052,12.400916
-6.992998,5.8288913
-6.4055157,6.210417
-5.994998,6.384438
-32.740864,-9.587296
27.936739,-3.8778856
4.65955,19.818926
11.042689,31.290298
-6.74104,-40.765244
-21.288443,23.647509
11.04906,-6.54298
-21.348494,37.187378
1.7753522,-18.275513
24.885437,-0.6360928
17.608082,-0.79985446
11.838542,-42.650097
16.197203,7.6868987
23.410568,-6.8980494
46.012714,25.739569
47.50312,-7.3736944
20.255213,-34.79935
50.811676,18.374039
5.802195,-52.285168
28.286583,12.567496
28.191795,-15.6901245
25.940517,-15.670503
26.874533,12.7777605
43.848484,-5.2806787
-23.673632,-6.5454774
29.794115,-8.199324
50.743393,1.741798
-34.576477,10.388856
22.107187,35.877636
5.7292285,-47.58645
36.26849,-7.2463193
-7.908966,-20.17651
-23.829191,62.25419
38.499317,2.738968
-22.78524,61.03236
6.0803995,4.8816786
31.21363,11.360012
43.98309,-4.790422
43.29031,-5.611352
46.060467,-10.196648
16.957495,-38.11784
-34.893723,-3.308336
-45.691048,3.8457963
-40.460693,-7.7310534
36.103394,-7.679172
48.535145,-4.943301
45.25398,-9.704101
34.045364,-7.4335713
45.344772,6.4143076
33.855488,-7.5020213
47.698574,-15.688767
47.205288,-11.362463
22.176613,37.06523
-13.742049,19.639053
8.805313,-53.22955
-31.048641,4.703818
-47.695866,-2.33443
-5.902275,-57.962917
-30.600792,7.8265476
-8.138224,-35.262222
24.144083,6.571315
-30.96483,8.637177
-23.84829,-46.55018
-37.809433,15.07029
19.994411,-35.217876
-8.965647,-34.178463
-12.179432,16.637934
56.970615,-2.235989
4.7204485,55.37942
42.77685,25.347742
43.455025,24.47939
1.2537555,47.936844
43.825623,27.718946
12.234284,-15.022633
37.814087,16.827753
30.87084,-13.445646
47.616425,-17.219763
37.43491,15.410947
27.500137,-6.238796
0.34278163,-53.528015
-0.43352413,-42.793156
11.532014,2.923524
-7.2844315,-49.01185
-23.846684,48.633026
1.1181728,-11.081968
-32.398846,-8.687419
-24.334871,49.142307
-37.301533,-16.168056
-40.210426,-21.59257
-23.185537,-38.43583
-24.160065,22.551073
-24.985044,22.137743
-45.481827,1.0796107
-34.91892,6.898037
-18.378414,-42.082962
3.6011856,-0.7442168
-25.296587,27.774426
-27.63963,27.232779
-8.192069,-41.193035
-22.4226,18.735783
-29.026161,25.496996
-1.0040674,-56.446465
30.576267,13.977892
-1.0204873,-43.22783
-16.850859,22.222054
25.22849,3.395585
26.9835,-15.828271
24.305433,19.449354
19.39898,-34.526237
21.286081,21.098206
46.64102,19.299263
-14.758119,-0.89945656
-21.53573,18.987627
8.414434,-42.24303
6.3420115,-21.400002
-30.221869,5.226787
-37.3447,22.497856
-46.869373,1.2252871
-54.44014,7.4580817
-20.943672,-38.840183
-40.440514,-17.166904
-7.1922493,-9.060204
9.647709,22.085299
7.9732137,-15.877289
-11.743762,2.5749145
18.849476,45.114403
-32.10659,5.952243
-6.320604,-58.26913
-13.285536,-40.432804
-37.587666,3.3640618
-27.818464,29.202362
38.34009,-20.164135
17.349178,8.285406
-31.492626,-10.235923
-8.174124,-0.6168479
-52.522877,12.435229
-8.373641,6.3018975
-53.71976,12.02785
-52.12753,13.365838
-40.699722,-4.9042344
-27.133598,-25.677795
-44.181664,1.8489294
7.665405,15.765195
-16.212885,29.503906
-57.89828,11.81703
6.648907,-36.029392
-48.29185,5.53535
7.6202435,-16.349504
-30.941576,-10.515482
-2.779313,-40.8967
32.22008,-18.02119
18.221546,20.859894
47.095657,15.754326
39.80539,-15.335713
33.953667,28.301933
42.530354,16.22098
20.43027,-0.7710661
20.274826,37.209602
49.62739,0.24548377
23.485653,4.2888403
35.121143,17.670862
42.84352,-7.7842445
41.406475,-12.9028845
29.230211,25.161915
-43.351727,-21.346344
-40.29575,-4.531226
-48.11666,4.652577
-43.896553,0.5522327
-37.4282,-20.63726
-49.182564,3.3956451
-9.046569,-40.596344
12.633938,-14.017836
-22.301506,48.843887
43.471806,12.6480665
3.4287899,24.450983
-27.069023,48.66728
-7.1848836,-16.243427
-18.020819,-48.912064
-9.133971,-56.666557
-7.1270576,27.942764
-9.073046,-53.808468
40.95042,-17.403757
-12.922797,27.583368
0.3677707,-48.947628
9.192401,-13.220319
-2.7051911,-59.054276
-15.407274,32.340504
5.8527637,8.202953
10.580103,2.1850674
9.406777,7.9952435
7.8122683,22.698597
3.1363726,51.89718
-0.08969097,-61.74173
-0.6133661,55.513733
1.6856997,50.22865
-11.094784,-2.1108336
13.247403,40.460724
-8.429293,-1.2401378
0.5571858,53.28181
4.556872,51.84964
28.10044,6.9486914
2.762273,5.2002544
1.138712,-8.213571
32.11974,2.6846385
-33.86188,3.7587166
-2.3900702,-47.21021
-34.76489,16.674767
1.5366848,-38.58805
-13.3585205,33.224747
30.433456,8.161223
6.9621873,4.677877
26.831688,11.778972
12.068487,-53.914997
36.527973,3.687212
-36.212624,14.833176
-15.434628,-40.820892
-22.55562,30.184832
-40.445805,-7.4736686
-49.90252,1.1408268
-18.160355,-38.054024
15.389816,29.06304
32.779716,25.793177
8.261481,33.68296
-15.359741,-34.390957
-17.820013,-19.69583
-3.1412675,23.060778
-27.60948,-26.729029
41.156956,-17.89315
4.67852,-59.72144
9.652391,20.695986
0.7614642,-18.211866
30.185299,-3.9999833
9.4202,-43.0908
19.875565,27.580946
-23.262535,47.827545
-2.187331,-57.717476
-14.24748,18.040722
15.358369,7.2618294
-5.627642,-56.482002
-1.1507878,-49.799084
-24.089073,63.509453
10.574633,33.46954
41.61773,21.586525
15.660605,38.011635
44.424335,-8.260964
51.028732,-9.84477
17.160524,-41.337086
42.231987,-6.214766
24.682476,-38.148365
17.752497,-45.999832
49.329834,4.370861
50.36655,5.139396
7.396906,-29.092314
-55.56744,10.240677
-29.619034,-27.959066
-56.369934,11.024666
-55.17458,15.809396
-55.134865,16.009275
18.578493,-22.457367
44.71079,5.3195486
51.338436,-8.391139
17.96871,-38.16006
16.44547,-37.71777
38.340157,-6.311573
12.736808,17.654089
-16.357752,-26.423815
-13.344218,-6.243923
-32.54589,-18.116491
3.5539556,-5.589843
-28.302475,-27.145224
-11.285726,-44.741756
-16.010397,-36.559574
8.064827,1.3546857
24.763325,-39.070053
-18.539604,58.51952
45.904736,-20.630136
-18.836079,58.231743
34.42865,2.0408812
11.233578,-44.52339
13.825634,31.962555
19.972006,43.745335
17.500067,37.52196
-22.658403,51.464333
27.171728,-16.152773
27.477144,6.8637567
8.000225,13.272899
-23.426353,-28.092266
49.66871,14.879735
1.5211655,-58.728436
30.719732,-12.819755
35.40285,-20.620163
9.224312,-53.097534
-26.650478,58.245968
25.385582,-1.1518247
9.66732,-38.539413
17.032026,-11.450199
51.58957,-8.434313
3.3463893,-33.183254
-24.390507,62.540257
11.849544,-0.04131859
-16.521458,30.617653
-19.055315,25.923784
-25.480654,19.853563
4.987082,-44.490692
0.089445576,54.755215
-3.6488848,2.1858292
-1.8557794,54.902878
48.711197,-4.8729706
20.097288,37.127396
23.36139,-12.394783
29.402405,12.336687
48.614998,2.5145564
35.703056,32.44854
19.623384,44.403038
-12.784036,9.982243
-30.40127,25.7289
-25.452427,-14.706882
-17.040688,-39.35383
-36.70514,17.558771
-27.212702,58.89158
-2.3698652,-36.71251
-11.5147085,-10.377026
22.169674,49.084896
14.438885,28.615992
9.713289,38.419598
-3.6492555,-30.855373
7.084129,20.884815
6.108898,23.249365
-6.433303,21.724335
9.942266,23.000978
18.750452,20.634436
42.85015,13.275726
33.88426,26.429867
52.650654,-0.12012599
47.27737,5.0163846
-19.023518,-45.62867
20.410423,-44.47641
10.204501,34.353336
-0.74288607,-17.269575
2.0001247,-13.608446
-39.66689,-20.68192
-1.3492285,-18.701439
-27.197155,-17.521612
-3.8572187,-31.441166
-3.5983253,-35.94742
8.6227665,5.2524467
10.403094,5.551999
-3.21034,-21.813377
-47.25496,-1.0955961
-49.52565,1.3388181
-49.513687,4.773819
-58.510834,14.59402
-30.313997,-21.039051
-50.16015,3.7812374
15.064649,-6.012258
14.816971,-39.66331
-21.75586,46.33442
-22.789188,-2.2383068
-23.797405,-0.3034312
48.67611,21.370085
-25.092943,-19.52505
50.016872,3.5477784
-31.428223,-4.699784
24.663393,4.021719
47.93867,-16.736727
3.3222184,48.801052
-12.653314,-0.48778042
-19.651112,-28.533915
-12.631535,-26.754978
0.9613171,21.215649
3.2540581,49.24986
6.805562,-58.84754
-11.461409,-2.2335773
-2.6976306,26.812965
-18.448256,-28.475742
2.239693,-52.85143
22.738941,-9.964312
-29.708282,56.231403
12.43543,-4.614081
-34.697037,4.2667437
-6.6547594,-21.198767
-23.192501,-9.084738
39.122543,-5.608043
52.504112,-7.663843
18.69776,-45.2196
6.914156,-30.548063
35.15331,31.130241
20.90725,35.101513
-39.603252,-15.40474
1.4937472,-40.31502
-28.824339,10.030412
-30.559965,7.9263787
-45.105686,11.127082
29.859638,24.75751
47.861946,14.416768
25.937216,13.246363
-3.1712306,-18.229462
-35.901386,-19.909576
5.136692,38.806145
-2.8621304,-2.267158
-0.9552365,14.363579
14.27698,38.4689
20.714659,35.8946
12.977003,11.543449
9.034385,-39.963726
1.0399647,-20.275583
-3.2232635,14.313156
10.926717,-48.214996
24.300274,-30.1083
35.10916,5.8272953
31.35484,7.979957
22.19706,-12.421609
24.921608,17.816689
-37.22857,9.856714
-27.955702,29.165699
-21.316044,24.319016
-2.789887,-47.27803
-24.553976,27.918633
46.729584,-8.995762
3.60654,-55.76169
-9.781186,15.2588
-33.792137,-24.063677
-37.987427,-5.862869
-17.70985,19.041153
-33.124325,-24.052807
-4.0894666,-32.0583
-40.43107,-17.547089
-41.168728,-18.268566
-14.2358265,-36.9614
19.337555,36.864803
34.3065,-13.61023
-25.97377,12.244099
-20.953045,-5.0987477
20.962948,21.582584
0.69096404,-40.05132
-30.536232,3.50741
38.586052,20.458532
-26.553381,4.1327734
3.756343,-0.39782843
4.943077,-46.721615
8.888404,-59.026405
21.111261,20.950544
38.779854,-19.769533
35.329918,19.284657
39.564445,-21.36435
40.204906,-14.39558
8.580239,22.343012
-9.358723,-55.166
-19.92623,29.447935
8.394928,-15.2541895
-13.499805,31.029572
-18.93024,-51.701767
16.172813,-8.906532
-35.665848,1.2098706
-23.839254,60.195942
-38.196114,2.6638148
-27.13118,28.113213
-39.570827,-4.641555
-54.3875,7.296828
-37.629196,23.706663
19.154606,19.749416
2.910991,-52.323395
39.211685,-22.429863
4.177276,21.454863
-21.04061,54.60457
35.089844,25.45294
-3.1563098,-51.97673
28.867647,14.765662
8.155369,29.534481
-28.774256,-15.656965
-0.90684485,-47.20686
-18.589735,-1.5792732
-25.367281,-16.366999
-24.365847,-21.126698
-19.740896,-18.737717
-51.504017,12.700084
-11.519494,-47.135704
-12.396764,13.156771
-54.953945,10.50465
14.665682,-4.8073926
-23.661013,27.331017
-27.794447,10.2864485
-32.716904,2.5634825
-27.299465,11.214966
-37.380028,-6.3577094
-35.857754,-9.259205
9.453782,-48.350647
15.500484,-6.425692
6.725939,2.9709823
55.39872,-9.791324
53.635532,-8.40252
52.633728,-9.767906
52.089424,-2.359857
-7.522917,24.845463
40.782505,15.602564
13.685191,-15.483232
13.731095,17.624537
43.369194,28.209248
-22.006044,64.47764
44.80933,22.238127
40.321556,20.921967
38.132145,-11.649818
4.267488,19.999353
-4.4744844,-16.04005
-2.4344776,-15.514037
-14.235225,-3.6472435
35.13143,-1.4583154
-21.418823,-26.659975
33.381493,3.8652544
-24.064112,2.072123
-23.525604,30.419638
14.0081215,15.02141
-40.12025,-20.278757
23.957003,35.58378
39.712246,3.6060045
26.30716,-30.850136
12.606567,-45.5054
52.962883,-1.2712427
12.0271435,-44.798294
19.193253,0.5731447
50.472153,-2.1483486
25.073532,29.510061
10.723804,30.005503
-2.730152,23.138443
-24.46446,61.495876
-18.409279,21.633282
4.9944534,-13.412153
-39.85017,-22.293797
48.075157,16.45151
-28.674133,63.42236
5.3966465,-13.277782
-23.668125,29.26727
-33.664925,-24.179514
-6.0075245,-39.013428
-14.367205,33.58828
23.41796,-12.437061
34.973164,-0.05353927
23.20135,-1.2164929
-10.043546,-11.081741
1.9282709,-28.730202
-21.259882,-26.13451
-7.775526,-9.261403
-6.7078137,13.827157
16.135141,41.48059
6.880196,-30.336233
-5.3584585,12.377084
10.154475,38.321964
6.852639,17.6268
19.572432,-4.1674247
35.70927,-20.718773
-22.752653,-7.312171
5.3297048,22.41946
-1.6567247,22.611883
-28.396656,56.862396
-23.236982,-6.3443403
13.025489,1.6385355
4.492023,-30.348135
-18.240814,-39.934826
-32.42243,1.970378
14.851873,-41.528378
-15.114123,33.073143
-5.0622687,11.686337
6.7155137,1.8839027
17.401302,-42.02836
2.6355357,60.228886
25.10311,29.517597
12.528696,40.786457
8.21176,-27.876352
-32.384388,5.7527843
49.543423,14.967648
0.8720942,-21.116951
-20.69859,-5.9833765
11.769908,-6.3481455
7.6238294,-17.560734
14.5232,7.2471695
13.770613,5.669815
-20.118177,-37.516644
-18.875559,-18.86448
-26.6011,29.978188
-25.459133,61.80948
-26.105013,2.754579
-5.0739737,-59.296776
-13.974364,16.390871
-17.828354,-41.017265
-10.0656595,13.457619
-16.74992,-39.886837
15.666778,3.7227442
13.741468,14.383471
-25.810001,57.825527
14.383917,15.198992
-16.659317,-4.130362
39.050602,2.414984
47.57593,-11.909258
-13.353532,-39.00633
-7.930924,-21.359766
-22.591305,-45.77384
-4.49191,-47.76735
-30.59107,20.798416
-42.27802,-17.488087
10.084051,-3.8836303
22.50406,48.61567
-8.902816,28.759924
12.923783,9.053642
-18.938755,-44.53044
-1.4477227,-14.822432
-3.0883746,-41.188255
-4.4413695,-40.82877
6.5628176,19.88049
-17.964785,-9.453018
-24.51194,-0.14447053
17.97517,31.447624
14.101042,18.140291
13.943194,28.24281
47.848495,21.862879
-10.669442,-18.616007
-30.326365,14.410096
21.673689,-22.003607
24.13187,7.393422
-11.163266,-46.908184
-13.377821,-4.49348
-11.42868,-47.777813
-32.8806,-19.967344
4.6932473,24.7289
-22.327091,3.168746
-16.277382,19.470613
-5.1002865,-40.99875
41.266415,13.58636
-21.268532,-39.374622
11.046091,-52.21736
-51.066013,1.7032206
-24.237698,51.914
35.18936,-15.817192
33.74451,29.083473
-16.60679,-27.395271
-16.70381,-50.895325
-19.105234,-42.686623
-6.4488864,21.212215
-40.236744,-20.783989
-35.713276,-1.0068454
-38.54689,-16.184538
48.88965,16.545155
-22.144888,59.465473
3.9738426,37.152576
20.780022,45.90633
-57.131824,13.833071
-8.406185,6.2995424
-57.5022,13.085141
-29.511255,49.842983
-41.608913,-6.7452583
-30.98754,-22.068548
-42.194405,0.5130015
4.481494,18.94922
7.806471,2.496738
-28.708557,54.02972
11.666115,28.985628
-25.75072,48.957474
-21.199362,54.685688
5.779704,37.422283
-1.6998734,-49.61606
-24.079279,15.866424
4.9839644,-17.525625
1.6337241,-51.055614
39.916523,19.729046
11.505962,16.883224
-44.599052,11.963921
6.1042013,-18.54133
-7.3306055,24.185432
-19.90049,-10.460904
43.27292,23.367414
-27.362104,48.263645
-4.545772,-14.506746
-46.26368,11.43849
17.571983,-43.48436
8.499682,-12.468006
10.842121,-4.2064347
-8.129312,26.48238
33.71554,4.775221
-39.415283,-16.213827
-15.418542,31.292982
-16.890408,33.52743
-18.63801,31.092682
2.8263726,9.0583105
16.299067,35.537243
-1.1219553,57.2334
-3.0368938,-36.474434
-0.93880975,-56.830845
11.142192,-32.744843
-7.1521773,-1.198867
6.4801645,-57.067837
-0.03155801,56.041958
3.0771344,50.62259
-18.262753,-27.758978
-4.324523,-5.0792303
-14.566314,-23.257626
-43.727413,11.712817
1.9993068,53.226406
4.25095,51.19892
-0.36686933,-20.509438
-45.32792,3.2011073
3.2961962,4.759101
3.7961843,-46.20151
-43.292965,-15.62736
49.315254,2.3187685
-56.89867,16.159885
19.571201,-22.933731
45.304867,7.0737886
43.697124,19.216238
36.844563,-5.201439
16.78652,-42.93475
32.00816,-10.778642
16.854898,37.522926
-11.279777,-4.4510646
-1.3484994,24.970945
-11.835298,-43.783863
-55.09103,13.566625
-46.816025,11.098308
-29.32805,-27.538017
-37.790012,24.416946
-18.27385,-19.122997
35.06246,25.279545
-10.643261,15.473903
35.91861,-8.293169
20.04948,-37.217766
44.869766,-8.738633
11.613185,38.631546
16.154774,-31.060411
-13.327917,-5.1618457
-7.075328,-47.255333
-37.90757,-6.410667
-15.209959,-35.199093
44.17946,-6.6418123
8.281229,9.329568
8.886204,-40.631695
-0.26608396,-16.63747
-43.40843,-20.922579
1.7359483,35.81856
-20.573961,15.457697
23.188673,0.08928765
-1.4489973,-45.33643
50.712234,18.197836
50.797405,-0.6579243
41.74865,16.82156
27.661896,19.044403
12.446336,-53.83234
38.36714,-23.164688
9.250958,33.830444
-10.773882,-14.52061
-31.24307,-6.5859528
29.545752,12.627317
48.961937,3.1745105
7.4201345,-28.33812
-12.156178,-0.8612475
-10.055691,12.328209
10.475868,-3.3068109
19.57566,-3.9488142
28.079262,-7.679524
-8.673611,-43.95816
0.9671457,-10.294695
29.6726,5.0648303
48.807934,14.36489
5.0555124,31.92894
-3.6513748,-52.127525
0.6856891,-48.925735
-48.046265,1.8171142
-49.001568,4.5857944
-27.150602,-20.939451
-27.179441,-26.208385
-28.494783,56.45224
24.582008,-16.788864
25.153,17.88925
24.511616,21.190392
-26.996195,63.266586
-19.214275,28.954105
22.025629,-23.636013
9.5195,19.443169
-1.899479,-40.62912
-16.110588,13.674453
15.829451,42.43119
2.3189988,-56.39995
0.7437572,51.10931
11.220243,12.479795
49.66966,16.204653
18.048061,45.969727
10.65311,-31.37044
-23.463196,15.408545
28.532467,14.569751
17.09046,-3.3989367
-45.466564,11.448475
3.1192055,-1.1691526
-15.4967575,-0.5625607
-25.409075,-16.044006
-12.684506,-56.252563
-24.233099,-19.231148
-29.038301,49.782505
-55.802452,14.269621
-16.256721,-50.721256
-54.563313,10.501269
-22.026922,-50.56909
-21.683672,24.576574
-21.712166,-44.9134
-14.2504015,32.579174
-22.34628,-49.354366
23.305645,-9.344485
24.20148,-12.974455
25.69612,2.1851935
7.343273,-37.088352
-3.847101,-6.253498
19.713327,-45.13869
-26.929775,11.651684
-38.99285,-18.290436
-26.075706,30.12237
3.4982452,9.252348
43.640163,23.954336
-48.355988,-0.6687965
43.76362,20.443459
52.85836,-8.23414
52.498024,1.3633391
11.489992,-15.623803
35.82724,-13.763301
-23.875425,59.75588
35.54489,-18.726465
15.748894,-15.813711
44.513664,27.871107
20.280214,-38.032097
42.059612,18.01825
-18.208883,4.2598395
45.10313,22.375008
-48.267475,-0.7710317
40.53586,-23.29435
7.7585177,13.894232
11.641705,-15.41021
0.062091928,-13.59466
-10.401087,16.006023
35.493324,31.968515
9.70727,-2.784628
23.974005,49.47112
-50.58254,12.547081
25.768879,-29.861048
-4.405423,-52.892727
-24.421278,28.26883
29.66361,24.504166
-35.65184,-1.2437962
26.101519,-25.109003
39.29024,2.6601923
-21.383211,60.647945
47.236073,-13.60986
53.45038,-2.11564
-33.380512,-8.58239
47.1864,-12.49434
24.597353,-10.310195
24.820597,47.69653
2.0396447,-58.070312
-8.194998,24.457481
-17.399576,12.06008
-0.99022365,-13.375245
40.50935,-21.978518
8.055884,-11.662202
-23.22077,-43.294373
34.155643,25.732073
-1.4832916,55.124947
11.743821,-34.709454
-23.569086,-43.084084
-17.163563,-38.49891
-19.070591,22.588484
-12.968408,33.146267
32.83345,4.166706
27.308695,-29.861237
6.397728,-51.173832
-21.661217,46.19639
-17.99417,-51.95706
-56.794632,14.495303
-37.636665,10.018254
-8.500669,-7.685114
-5.6147904,-46.26612
32.056797,-18.284351
23.41308,48.761395
18.356222,29.593887
40.265854,17.71383
44.469856,16.515652
17.92489,-42.5116
29.913313,8.0935545
47.884335,6.638365
53.161724,1.6014453
29.507977,14.276691
37.625908,-5.7348394
47.611977,-15.129305
34.746975,20.937052
7.235687,-33.223557
-43.6852,-19.720495
-50.046577,2.258049
-31.464155,-22.576563
-24.248816,-38.146572
-6.2471275,-52.59557
-37.452873,-19.759535
-27.933804,62.165745
22.87156,47.865505
3.6840014,-29.045462
0.16567717,25.386713
-2.6336043,14.446848
8.266151,29.05955
29.882078,16.479385
29.576605,-9.74189
-3.1185606,22.40935
11.652797,28.613337
-19.781683,-51.550114
-11.377155,-27.379742
-20.665482,15.198153
12.694917,0.06738691
1.2163777,24.135695
10.103471,-6.395136
-32.60573,15.342562
17.540327,36.3754
7.978896,9.732839
3.4815788,-59.667656
4.84725,0.12704237
41.861084,-12.688284
2.6291852,60.711258
-3.342932,-2.2694926
1.5426365,46.56419
-4.0963383,-5.8727536
-21.622934,37.52828
38.374798,-18.72928
-15.5571785,34.50254
-14.374363,16.72328
1.5197488,-20.310518
-2.5826602,12.103272
2.1266866,-20.933292
22.049868,-8.104517
-37.88776,-18.811848
-10.984737,-7.1373296
8.890632,-4.948052
-21.19545,18.494963
-34.490864,9.423113
-19.486689,-43.281883
-17.631243,11.368758
-28.875656,25.920029
-9.814012,-13.772004
-26.26333,27.463299
19.176666,-0.8465209
13.991713,31.604158
24.417109,-38.421577
23.849415,48.245354
10.874559,-14.755962
28.26013,-29.718647
38.09333,5.125031
-17.481625,-41.77459
-32.12324,1.6079329
-3.7636194,-54.67623
-30.159779,19.283022
-33.621147,15.28481
-43.16336,1.5098144
-20.24728,24.916193
-0.5838914,-14.1606
-14.779701,19.802605
13.168257,9.387491
-28.65228,30.138079
-19.60008,-7.643195
-2.2010527,-41.751846
1.5898312,-49.906387
12.154778,14.757813
-23.074146,48.503986
-20.918898,-44.36394
6.7446895,31.695305
-21.321272,21.85911
40.302387,19.02197
35.88193,-18.226141
-1.9276599,15.484069
12.983496,18.595898
43.196968,17.685041
-8.827206,-34.30461
24.21361,-17.85527
22.010454,-21.788973
27.652874,-4.588538
33.788147,9.672542
-18.951508,-26.569288
-8.799928,-12.803713
-56.230137,15.1827755
-45.432884,10.133842
20.16934,43.389423
42.0815,-15.465957
40.552555,13.0000305
26.378283,28.166891
-24.18279,31.91865
-2.245241,-58.178066
-1.1894653,-14.138593
41.35762,-12.146661
-3.999407,-57.253387
46.164696,-20.615274
-12.45241,-42.457726
2.6749446,-28.948093
8.970482,23.055195
16.88303,40.758564
0.08097457,24.026062
-17.81936,-26.445204
-14.168113,-38.727703
-24.613693,-6.9107904
-35.55886,7.432625
-35.51488,4.9311705
-22.08855,38.339497
48.413963,17.116886
17.949293,45.900177
18.955164,7.8580136
-15.299548,13.774751
1.0567803,52.517277
-25.841753,-20.07105
17.616528,-3.6321633
-9.424275,8.179946
14.394354,-15.49865
-12.225207,-56.615643
46.02968,25.896921
-54.822247,13.135515
10.729716,-47.216896
-47.537148,-0.12741686
-46.052296,9.061193
-41.008343,1.9717928
0.5125153,-16.767237
9.206699,3.1086233
-32.134987,-16.541012
11.209503,-33.158596
-36.7073,-20.313711
11.779632,-13.190771
-12.146792,-10.636791
4.579666,11.194505
-23.182322,-46.133457
10.02788,14.878047
7.4417953,16.378443
41.078125,-15.939982
14.879776,-30.949821
-2.149076,51.07193
3.838795,38.715126
1.7613822,-57.239838
-5.3463707,-16.14382
-17.979065,-48.78567
55.520218,-9.923301
28.701036,15.871359
-27.964867,-20.741522
-7.1017337,27.955557
-12.112446,-38.6842
41.485607,13.529875
12.769838,10.200091
-15.463263,27.891203
3.869174,-11.72584
26.04722,-29.662731
-36.77724,6.6027746
-0.9838363,-19.48168
5.5117373,8.7014065
-17.884102,29.420004
-16.60243,34.95691
6.308855,-32.562042
-6.591057,-0.11164893
18.359629,9.4906
4.549308,11.520527
10.602095,0.11352456
17.247526,28.654596
-26.060827,-13.003949
7.5256815,5.673025
-22.104366,64.58902
6.2841706,-32.48248
0.8894342,51.31661
-8.929103,-0.80693763
-1.4395089,53.178432
2.2890954,50.69508
-27.55955,62.683743
-4.1380515,-3.4433215
-0.33727354,49.60214
-27.24205,-17.565592
2.5746477,53.196445
4.496691,50.723347
22.623472,-2.6665173
-13.354876,-43.309093
3.3429632,4.715962
12.072528,35.024925
-41.57612,-0.5068491
50.743126,-3.150216
-21.645489,-27.872334
18.857084,-22.525408
45.612263,6.439179
46.947834,22.380573
30.002853,22.72385
36.721306,14.599259
32.11267,-9.61984
30.17271,-6.8035684
-11.1452265,-5.275425
-17.227995,-26.816528
-49.959843,4.6161523
-53.835384,13.519946
-33.25237,-19.988731
-31.454947,-18.825638
3.4473112,36.97938
-8.653475,-12.339953
40.01491,-23.252304
-10.752206,-11.224063
11.779463,-42.616894
30.593948,-11.805815
44.307106,-9.069698
-14.139545,-1.7410337
-22.623652,60.03539
-10.277353,14.34673
-37.38164,22.80994
22.781883,50.125034
-16.91551,18.06466
45.556515,-8.205813
8.166867,5.639576
11.200466,11.976211
3.3477511,-11.735753
-43.65653,-19.926306
-24.7886,62.773144
-2.1674032,-55.4299
30.325056,16.834625
-5.5390787,-59.239388
39.479904,-21.699476
50.562958,0.5420639
20.291195,-43.788506
27.07687,18.172014
10.453195,-51.57657
17.528488,27.743788
-3.1931787,-21.74854
-23.241732,-16.089787
-32.357998,-5.9520326
23.433601,-2.334207
36.032715,33.096127
0.44951585,-59.840313
-11.646658,1.5749965
-12.569342,8.4040365
-15.909106,29.53752
27.820824,-8.253484
26.698042,-3.776147
-27.776667,59.157516
4.280244,1.9708656
29.891712,4.846437
37.876316,-19.835295
-10.074627,-18.59779
56.99643,-2.269311
-8.632473,-19.016083
6.8020463,-58.263153
1.3080882,-13.337038
-19.82467,-37.816437
-47.063725,5.094663
-21.513807,-25.793842
-26.323568,3.1478634
11.567443,3.142028
-7.6872997,-57.255657
2.7254195,37.658623
-25.302023,20.306269
1.4683721,-39.387413
25.327288,13.745391
23.044334,20.400522
-24.874195,-20.04572
-32.46653,-6.9703827
22.57797,-22.725306
5.2868943,-33.30132
5.34409,2.7193716
-23.920654,2.0554779
-2.5453608,-42.638973
23.302975,1.2559886
-14.532721,-23.06842
-8.2724085,-5.3142395
23.97225,50.285892
-1.1900804,50.614998
-15.031309,-5.0239334
33.743515,8.5716915
-13.01853,-26.741331
-7.2349935,20.187561
20.798317,38.63771
-3.6889317,-58.25699
19.240288,29.72006
